;position;id;name;compartment;charge;formula
0;0;adp_c;ADP C10H12N5O10P2;c;-3;C10H12N5O10P2
1;1;atp_c;ATP C10H12N5O13P3;c;-4;C10H12N5O13P3
2;2;f6p_c;D-Fructose 6-phosphate;c;-2;C6H11O9P
3;3;fdp_c;D-Fructose 1,6-bisphosphate;c;-4;C6H10O12P2
4;4;h_c;H+;c;1;H
5;5;accoa_c;Acetyl-CoA;c;-4;C23H34N7O17P3S
6;6;coa_c;Coenzyme A;c;-4;C21H32N7O16P3S
7;7;for_c;Formate;c;-1;CH1O2
8;8;pyr_c;Pyruvate;c;-1;C3H3O3
9;9;g6p_c;D-Glucose 6-phosphate;c;-2;C6H11O9P
10;10;13dpg_c;3-Phospho-D-glyceroyl phosphate;c;-4;C3H4O10P2
11;11;3pg_c;3-Phospho-D-glycerate;c;-3;C3H4O7P
12;12;6pgc_c;6-Phospho-D-gluconate;c;-3;C6H10O10P
13;13;6pgl_c;6-phospho-D-glucono-1,5-lactone;c;-2;C6H9O9P
14;14;h2o_c;H2O H2O;c;0;H2O
15;15;acald_c;Acetaldehyde;c;0;C2H4O
16;16;nad_c;Nicotinamide adenine dinucleotide;c;-1;C21H26N7O14P2
17;17;nadh_c;Nicotinamide adenine dinucleotide - reduced;c;-2;C21H27N7O14P2
18;18;2pg_c;D-Glycerate 2-phosphate;c;-3;C3H4O7P
19;19;etoh_c;Ethanol;c;0;C2H6O
20;20;ac_c;Acetate;c;-1;C2H3O2
21;21;actp_c;Acetyl phosphate;c;-2;C2H3O5P
22;22;co2_c;CO2 CO2;c;0;CO2
23;23;oaa_c;Oxaloacetate;c;-2;C4H2O5
24;24;pep_c;Phosphoenolpyruvate;c;-3;C3H2O6P
25;25;pi_c;Phosphate;c;-2;HO4P
26;26;acon_C_c;Cis-Aconitate;c;-3;C6H3O6
27;27;cit_c;Citrate;c;-3;C6H5O7
28;28;icit_c;Isocitrate;c;-3;C6H5O7
29;29;amp_c;AMP C10H12N5O7P;c;-2;C10H12N5O7P
30;30;akg_c;2-Oxoglutarate;c;-2;C5H4O5
31;31;succoa_c;Succinyl-CoA;c;-5;C25H35N7O19P3S
32;32;h_e;H+;e;1;H
33;33;e4p_c;D-Erythrose 4-phosphate;c;-2;C4H7O7P
34;34;g3p_c;Glyceraldehyde 3-phosphate;c;-2;C3H5O6P
35;35;gln__L_c;L-Glutamine;c;0;C5H10N2O3
36;36;glu__L_c;L-Glutamate;c;-1;C5H8NO4
37;37;nadp_c;Nicotinamide adenine dinucleotide phosphate;c;-3;C21H25N7O17P3
38;38;nadph_c;Nicotinamide adenine dinucleotide phosphate - reduced;c;-4;C21H26N7O17P3
39;39;r5p_c;Alpha-D-Ribose 5-phosphate;c;-2;C5H9O8P
40;40;ru5p__D_c;D-Ribulose 5-phosphate;c;-2;C5H9O8P
41;41;xu5p__D_c;D-Xylulose 5-phosphate;c;-2;C5H9O8P
42;42;o2_c;O2 O2;c;0;O2
43;43;q8_c;Ubiquinone-8;c;0;C49H74O4
44;44;q8h2_c;Ubiquinol-8;c;0;C49H76O4
45;45;fum_c;Fumarate;c;-2;C4H2O4
46;46;succ_c;Succinate;c;-2;C4H4O4
47;47;s7p_c;Sedoheptulose 7-phosphate;c;-2;C7H13O10P
48;48;dhap_c;Dihydroxyacetone phosphate;c;-2;C3H5O6P
49;49;fru_e;D-Fructose;e;0;C6H12O6
50;50;mal__L_c;L-Malate;c;-2;C4H4O5
51;51;glc__D_e;D-Glucose;e;0;C6H12O6
52;52;nh4_c;Ammonium;c;1;H4N
53;53;gln__L_e;L-Glutamine;e;0;C5H10N2O3
54;54;glx_c;Glyoxylate;c;-1;C2H1O3
55;55;lac__D_c;D-Lactate;c;-1;C3H5O3
