<?xml version="1.0" encoding="UTF-8"?>
<!-- Created by libAntimony version v2.15.0 with libSBML version 5.20.2. -->
<sbml xmlns="http://www.sbml.org/sbml/level3/version2/core" level="3" version="2">
  <model metaid="__main" id="__main">
    <listOfCompartments>
      <compartment sboTerm="SBO:0000410" id="default_compartment" spatialDimensions="3" size="1" constant="true"/>
    </listOfCompartments>
    <listOfSpecies>
      <species id="S0" compartment="default_compartment" initialConcentration="7.66903734723567" hasOnlySubstanceUnits="false" boundaryCondition="false" constant="false"/>
      <species id="S2" compartment="default_compartment" initialConcentration="9.79432893762345" hasOnlySubstanceUnits="false" boundaryCondition="false" constant="false"/>
      <species id="S3" compartment="default_compartment" initialConcentration="2.55004697405502" hasOnlySubstanceUnits="false" boundaryCondition="false" constant="false"/>
      <species id="S4" compartment="default_compartment" initialConcentration="8.13216732260719" hasOnlySubstanceUnits="false" boundaryCondition="false" constant="false"/>
      <species id="S6" compartment="default_compartment" initialConcentration="9.69896213332733" hasOnlySubstanceUnits="false" boundaryCondition="false" constant="false"/>
      <species id="S7" compartment="default_compartment" initialConcentration="5.92434619887432" hasOnlySubstanceUnits="false" boundaryCondition="false" constant="false"/>
      <species id="S8" compartment="default_compartment" initialConcentration="9.3461379599247" hasOnlySubstanceUnits="false" boundaryCondition="false" constant="false"/>
      <species id="S10" compartment="default_compartment" initialConcentration="9.27119896656352" hasOnlySubstanceUnits="false" boundaryCondition="false" constant="false"/>
      <species id="S11" compartment="default_compartment" initialConcentration="6.18975338356723" hasOnlySubstanceUnits="false" boundaryCondition="false" constant="false"/>
      <species id="S12" compartment="default_compartment" initialConcentration="0.818675753012106" hasOnlySubstanceUnits="false" boundaryCondition="false" constant="false"/>
      <species id="S14" compartment="default_compartment" initialConcentration="1.70444268436934" hasOnlySubstanceUnits="false" boundaryCondition="false" constant="false"/>
      <species id="S15" compartment="default_compartment" initialConcentration="1.63939196227926" hasOnlySubstanceUnits="false" boundaryCondition="false" constant="false"/>
      <species id="S16" compartment="default_compartment" initialConcentration="7.92700012647586" hasOnlySubstanceUnits="false" boundaryCondition="false" constant="false"/>
      <species id="S18" compartment="default_compartment" initialConcentration="1.3414389430079" hasOnlySubstanceUnits="false" boundaryCondition="false" constant="false"/>
      <species id="S19" compartment="default_compartment" initialConcentration="6.5678136162659" hasOnlySubstanceUnits="false" boundaryCondition="false" constant="false"/>
      <species id="S20" compartment="default_compartment" initialConcentration="6.02897542635115" hasOnlySubstanceUnits="false" boundaryCondition="false" constant="false"/>
      <species id="S21" compartment="default_compartment" initialConcentration="8.11790838330031" hasOnlySubstanceUnits="false" boundaryCondition="false" constant="false"/>
      <species id="S22" compartment="default_compartment" initialConcentration="9.89542176613262" hasOnlySubstanceUnits="false" boundaryCondition="false" constant="false"/>
      <species id="S23" compartment="default_compartment" initialConcentration="1.0771319771692" hasOnlySubstanceUnits="false" boundaryCondition="false" constant="false"/>
      <species id="S25" compartment="default_compartment" initialConcentration="9.04512420883611" hasOnlySubstanceUnits="false" boundaryCondition="false" constant="false"/>
      <species id="S28" compartment="default_compartment" initialConcentration="5.81715580908715" hasOnlySubstanceUnits="false" boundaryCondition="false" constant="false"/>
      <species id="S29" compartment="default_compartment" initialConcentration="2.20685865963553" hasOnlySubstanceUnits="false" boundaryCondition="false" constant="false"/>
      <species id="S32" compartment="default_compartment" initialConcentration="9.96957356614897" hasOnlySubstanceUnits="false" boundaryCondition="false" constant="false"/>
      <species id="S33" compartment="default_compartment" initialConcentration="1.49101830990241" hasOnlySubstanceUnits="false" boundaryCondition="false" constant="false"/>
      <species id="S34" compartment="default_compartment" initialConcentration="1.56081627509807" hasOnlySubstanceUnits="false" boundaryCondition="false" constant="false"/>
      <species id="S35" compartment="default_compartment" initialConcentration="5.18780133101568" hasOnlySubstanceUnits="false" boundaryCondition="false" constant="false"/>
      <species id="S37" compartment="default_compartment" initialConcentration="2.17568332472016" hasOnlySubstanceUnits="false" boundaryCondition="false" constant="false"/>
      <species id="S38" compartment="default_compartment" initialConcentration="2.22686013453072" hasOnlySubstanceUnits="false" boundaryCondition="false" constant="false"/>
      <species id="S39" compartment="default_compartment" initialConcentration="9.5784004883191" hasOnlySubstanceUnits="false" boundaryCondition="false" constant="false"/>
      <species id="S1" compartment="default_compartment" initialConcentration="5.55794248368273" hasOnlySubstanceUnits="false" boundaryCondition="true" constant="false"/>
      <species id="S5" compartment="default_compartment" initialConcentration="9.9158784644033" hasOnlySubstanceUnits="false" boundaryCondition="true" constant="false"/>
      <species id="S9" compartment="default_compartment" initialConcentration="5.22799387360897" hasOnlySubstanceUnits="false" boundaryCondition="true" constant="false"/>
      <species id="S13" compartment="default_compartment" initialConcentration="6.90792933617324" hasOnlySubstanceUnits="false" boundaryCondition="true" constant="false"/>
      <species id="S17" compartment="default_compartment" initialConcentration="3.53989046927167" hasOnlySubstanceUnits="false" boundaryCondition="true" constant="false"/>
      <species id="S24" compartment="default_compartment" initialConcentration="0.78611231002249" hasOnlySubstanceUnits="false" boundaryCondition="true" constant="false"/>
      <species id="S26" compartment="default_compartment" initialConcentration="1.60661047857553" hasOnlySubstanceUnits="false" boundaryCondition="true" constant="false"/>
      <species id="S27" compartment="default_compartment" initialConcentration="1.68109290450385" hasOnlySubstanceUnits="false" boundaryCondition="true" constant="false"/>
      <species id="S30" compartment="default_compartment" initialConcentration="4.57546656081548" hasOnlySubstanceUnits="false" boundaryCondition="true" constant="false"/>
      <species id="S31" compartment="default_compartment" initialConcentration="6.25115035876972" hasOnlySubstanceUnits="false" boundaryCondition="true" constant="false"/>
      <species id="S36" compartment="default_compartment" initialConcentration="6.0697505606945" hasOnlySubstanceUnits="false" boundaryCondition="true" constant="false"/>
    </listOfSpecies>
    <listOfParameters>
      <parameter id="kc0" value="0.0186124251056738" constant="true"/>
      <parameter id="kc1" value="0.395117386883814" constant="true"/>
      <parameter id="kc2" value="0.452702427511898" constant="true"/>
      <parameter id="kc3" value="0.072008218874454" constant="true"/>
      <parameter id="kc4" value="0.0709555585866384" constant="true"/>
      <parameter id="kc5" value="0.0290987031096003" constant="true"/>
      <parameter id="kc6" value="0.0455205886678958" constant="true"/>
      <parameter id="kc7" value="0.15987502556674" constant="true"/>
      <parameter id="kc8" value="0.303740748326007" constant="true"/>
      <parameter id="kc9" value="0.178047098753571" constant="true"/>
      <parameter id="kc10" value="0.491052455710411" constant="true"/>
      <parameter id="kc11" value="0.0181637881232446" constant="true"/>
      <parameter id="kc12" value="0.0117058844407774" constant="true"/>
      <parameter id="kc13" value="0.083142777951361" constant="true"/>
      <parameter id="kc14" value="0.268838446092104" constant="true"/>
      <parameter id="kc15" value="0.269716452414991" constant="true"/>
      <parameter id="kc16" value="0.313622173253241" constant="true"/>
      <parameter id="kc17" value="0.0241605439845157" constant="true"/>
      <parameter id="kc18" value="0.0673618524055954" constant="true"/>
      <parameter id="kc19" value="0.0480934566748245" constant="true"/>
      <parameter id="kc20" value="0.0981493807730547" constant="true"/>
      <parameter id="kc21" value="0.0485758430944905" constant="true"/>
      <parameter id="kc22" value="0.0227519276256297" constant="true"/>
      <parameter id="kc23" value="0.0837126959479249" constant="true"/>
      <parameter id="kc24" value="0.0130954810613186" constant="true"/>
      <parameter id="kc25" value="0.0930519098759635" constant="true"/>
      <parameter id="kc26" value="0.0238790109025889" constant="true"/>
      <parameter id="kc27" value="0.683240227651573" constant="true"/>
      <parameter id="kc28" value="0.166264127700727" constant="true"/>
      <parameter id="kc29" value="0.0124588547542718" constant="true"/>
      <parameter id="kc30" value="0.146798499077258" constant="true"/>
      <parameter id="kc31" value="0.0358157829927716" constant="true"/>
      <parameter id="kc32" value="0.64146822176839" constant="true"/>
      <parameter id="kc33" value="0.117654262213917" constant="true"/>
      <parameter id="kc34" value="0.199616703670465" constant="true"/>
      <parameter id="kc35" value="0.0799619565754495" constant="true"/>
      <parameter id="kc36" value="0.0494002350427164" constant="true"/>
      <parameter id="kc37" value="0.358736866798217" constant="true"/>
      <parameter id="kc38" value="0.0101300159240401" constant="true"/>
      <parameter id="kc39" value="0.0208275041709492" constant="true"/>
      <parameter id="kc40" value="0.891572362421451" constant="true"/>
      <parameter id="kc41" value="0.362161906278166" constant="true"/>
      <parameter id="kc42" value="0.602942863123272" constant="true"/>
      <parameter id="kc43" value="0.0533676264499096" constant="true"/>
      <parameter id="kc44" value="0.0364850977270777" constant="true"/>
      <parameter id="kc45" value="0.0336898489286804" constant="true"/>
      <parameter id="kc46" value="0.997521902217021" constant="true"/>
      <parameter id="kc47" value="0.0317555728544944" constant="true"/>
      <parameter id="kc48" value="0.138471570850622" constant="true"/>
      <parameter id="kc49" value="0.623383466117002" constant="true"/>
      <parameter id="kc50" value="0.476305086072741" constant="true"/>
      <parameter id="kc51" value="0.0188698843035041" constant="true"/>
      <parameter id="kc52" value="0.420957685728229" constant="true"/>
      <parameter id="kc53" value="0.234659661275023" constant="true"/>
      <parameter id="kc54" value="0.0114144317867271" constant="true"/>
      <parameter id="kc55" value="0.76011621303027" constant="true"/>
      <parameter id="kc56" value="0.0188447875579717" constant="true"/>
    </listOfParameters>
    <listOfReactions>
      <reaction id="J0" reversible="true">
        <listOfReactants>
          <speciesReference species="S27" stoichiometry="1" constant="true"/>
        </listOfReactants>
        <listOfProducts>
          <speciesReference species="S24" stoichiometry="1" constant="true"/>
          <speciesReference species="S24" stoichiometry="1" constant="true"/>
        </listOfProducts>
        <kineticLaw>
          <math xmlns="http://www.w3.org/1998/Math/MathML">
            <apply>
              <times/>
              <ci> kc0 </ci>
              <ci> S27 </ci>
            </apply>
          </math>
        </kineticLaw>
      </reaction>
      <reaction id="J1" reversible="true">
        <listOfReactants>
          <speciesReference species="S6" stoichiometry="1" constant="true"/>
          <speciesReference species="S6" stoichiometry="1" constant="true"/>
        </listOfReactants>
        <listOfProducts>
          <speciesReference species="S15" stoichiometry="1" constant="true"/>
        </listOfProducts>
        <kineticLaw>
          <math xmlns="http://www.w3.org/1998/Math/MathML">
            <apply>
              <times/>
              <ci> kc1 </ci>
              <ci> S6 </ci>
              <ci> S6 </ci>
            </apply>
          </math>
        </kineticLaw>
      </reaction>
      <reaction id="J2" reversible="true">
        <listOfReactants>
          <speciesReference species="S22" stoichiometry="1" constant="true"/>
          <speciesReference species="S6" stoichiometry="1" constant="true"/>
        </listOfReactants>
        <listOfProducts>
          <speciesReference species="S20" stoichiometry="1" constant="true"/>
        </listOfProducts>
        <kineticLaw>
          <math xmlns="http://www.w3.org/1998/Math/MathML">
            <apply>
              <times/>
              <ci> kc2 </ci>
              <ci> S22 </ci>
              <ci> S6 </ci>
            </apply>
          </math>
        </kineticLaw>
      </reaction>
      <reaction id="J3" reversible="true">
        <listOfReactants>
          <speciesReference species="S35" stoichiometry="1" constant="true"/>
        </listOfReactants>
        <listOfProducts>
          <speciesReference species="S36" stoichiometry="1" constant="true"/>
          <speciesReference species="S29" stoichiometry="1" constant="true"/>
        </listOfProducts>
        <kineticLaw>
          <math xmlns="http://www.w3.org/1998/Math/MathML">
            <apply>
              <times/>
              <ci> kc3 </ci>
              <ci> S35 </ci>
            </apply>
          </math>
        </kineticLaw>
      </reaction>
      <reaction id="J4" reversible="true">
        <listOfReactants>
          <speciesReference species="S23" stoichiometry="1" constant="true"/>
        </listOfReactants>
        <listOfProducts>
          <speciesReference species="S12" stoichiometry="1" constant="true"/>
          <speciesReference species="S36" stoichiometry="1" constant="true"/>
        </listOfProducts>
        <kineticLaw>
          <math xmlns="http://www.w3.org/1998/Math/MathML">
            <apply>
              <times/>
              <ci> kc4 </ci>
              <ci> S23 </ci>
            </apply>
          </math>
        </kineticLaw>
      </reaction>
      <reaction id="J5" reversible="true">
        <listOfReactants>
          <speciesReference species="S12" stoichiometry="1" constant="true"/>
        </listOfReactants>
        <listOfProducts>
          <speciesReference species="S34" stoichiometry="1" constant="true"/>
        </listOfProducts>
        <kineticLaw>
          <math xmlns="http://www.w3.org/1998/Math/MathML">
            <apply>
              <times/>
              <ci> kc5 </ci>
              <ci> S12 </ci>
            </apply>
          </math>
        </kineticLaw>
      </reaction>
      <reaction id="J6" reversible="true">
        <listOfReactants>
          <speciesReference species="S0" stoichiometry="1" constant="true"/>
        </listOfReactants>
        <listOfProducts>
          <speciesReference species="S1" stoichiometry="1" constant="true"/>
        </listOfProducts>
        <kineticLaw>
          <math xmlns="http://www.w3.org/1998/Math/MathML">
            <apply>
              <times/>
              <ci> kc6 </ci>
              <ci> S0 </ci>
            </apply>
          </math>
        </kineticLaw>
      </reaction>
      <reaction id="J7" reversible="true">
        <listOfReactants>
          <speciesReference species="S10" stoichiometry="1" constant="true"/>
        </listOfReactants>
        <listOfProducts>
          <speciesReference species="S37" stoichiometry="1" constant="true"/>
        </listOfProducts>
        <kineticLaw>
          <math xmlns="http://www.w3.org/1998/Math/MathML">
            <apply>
              <times/>
              <ci> kc7 </ci>
              <ci> S10 </ci>
            </apply>
          </math>
        </kineticLaw>
      </reaction>
      <reaction id="J8" reversible="true">
        <listOfReactants>
          <speciesReference species="S18" stoichiometry="1" constant="true"/>
          <speciesReference species="S39" stoichiometry="1" constant="true"/>
        </listOfReactants>
        <listOfProducts>
          <speciesReference species="S30" stoichiometry="1" constant="true"/>
          <speciesReference species="S30" stoichiometry="1" constant="true"/>
        </listOfProducts>
        <kineticLaw>
          <math xmlns="http://www.w3.org/1998/Math/MathML">
            <apply>
              <times/>
              <ci> kc8 </ci>
              <ci> S18 </ci>
              <ci> S39 </ci>
            </apply>
          </math>
        </kineticLaw>
      </reaction>
      <reaction id="J9" reversible="true">
        <listOfReactants>
          <speciesReference species="S23" stoichiometry="1" constant="true"/>
        </listOfReactants>
        <listOfProducts>
          <speciesReference species="S15" stoichiometry="1" constant="true"/>
        </listOfProducts>
        <kineticLaw>
          <math xmlns="http://www.w3.org/1998/Math/MathML">
            <apply>
              <times/>
              <ci> kc9 </ci>
              <ci> S23 </ci>
            </apply>
          </math>
        </kineticLaw>
      </reaction>
      <reaction id="J10" reversible="true">
        <listOfReactants>
          <speciesReference species="S14" stoichiometry="1" constant="true"/>
        </listOfReactants>
        <listOfProducts>
          <speciesReference species="S11" stoichiometry="1" constant="true"/>
        </listOfProducts>
        <kineticLaw>
          <math xmlns="http://www.w3.org/1998/Math/MathML">
            <apply>
              <times/>
              <ci> kc10 </ci>
              <ci> S14 </ci>
            </apply>
          </math>
        </kineticLaw>
      </reaction>
      <reaction id="J11" reversible="true">
        <listOfReactants>
          <speciesReference species="S15" stoichiometry="1" constant="true"/>
        </listOfReactants>
        <listOfProducts>
          <speciesReference species="S28" stoichiometry="1" constant="true"/>
          <speciesReference species="S25" stoichiometry="1" constant="true"/>
        </listOfProducts>
        <kineticLaw>
          <math xmlns="http://www.w3.org/1998/Math/MathML">
            <apply>
              <times/>
              <ci> kc11 </ci>
              <ci> S15 </ci>
            </apply>
          </math>
        </kineticLaw>
      </reaction>
      <reaction id="J12" reversible="true">
        <listOfReactants>
          <speciesReference species="S2" stoichiometry="1" constant="true"/>
        </listOfReactants>
        <listOfProducts>
          <speciesReference species="S12" stoichiometry="1" constant="true"/>
          <speciesReference species="S22" stoichiometry="1" constant="true"/>
        </listOfProducts>
        <kineticLaw>
          <math xmlns="http://www.w3.org/1998/Math/MathML">
            <apply>
              <times/>
              <ci> kc12 </ci>
              <ci> S2 </ci>
            </apply>
          </math>
        </kineticLaw>
      </reaction>
      <reaction id="J13" reversible="true">
        <listOfReactants>
          <speciesReference species="S23" stoichiometry="1" constant="true"/>
        </listOfReactants>
        <listOfProducts>
          <speciesReference species="S33" stoichiometry="1" constant="true"/>
          <speciesReference species="S23" stoichiometry="1" constant="true"/>
        </listOfProducts>
        <kineticLaw>
          <math xmlns="http://www.w3.org/1998/Math/MathML">
            <apply>
              <times/>
              <ci> kc13 </ci>
              <ci> S23 </ci>
            </apply>
          </math>
        </kineticLaw>
      </reaction>
      <reaction id="J14" reversible="true">
        <listOfReactants>
          <speciesReference species="S12" stoichiometry="1" constant="true"/>
        </listOfReactants>
        <listOfProducts>
          <speciesReference species="S7" stoichiometry="1" constant="true"/>
          <speciesReference species="S30" stoichiometry="1" constant="true"/>
        </listOfProducts>
        <kineticLaw>
          <math xmlns="http://www.w3.org/1998/Math/MathML">
            <apply>
              <times/>
              <ci> kc14 </ci>
              <ci> S12 </ci>
            </apply>
          </math>
        </kineticLaw>
      </reaction>
      <reaction id="J15" reversible="true">
        <listOfReactants>
          <speciesReference species="S0" stoichiometry="1" constant="true"/>
          <speciesReference species="S29" stoichiometry="1" constant="true"/>
        </listOfReactants>
        <listOfProducts>
          <speciesReference species="S19" stoichiometry="1" constant="true"/>
        </listOfProducts>
        <kineticLaw>
          <math xmlns="http://www.w3.org/1998/Math/MathML">
            <apply>
              <times/>
              <ci> kc15 </ci>
              <ci> S0 </ci>
              <ci> S29 </ci>
            </apply>
          </math>
        </kineticLaw>
      </reaction>
      <reaction id="J16" reversible="true">
        <listOfReactants>
          <speciesReference species="S37" stoichiometry="1" constant="true"/>
        </listOfReactants>
        <listOfProducts>
          <speciesReference species="S39" stoichiometry="1" constant="true"/>
        </listOfProducts>
        <kineticLaw>
          <math xmlns="http://www.w3.org/1998/Math/MathML">
            <apply>
              <times/>
              <ci> kc16 </ci>
              <ci> S37 </ci>
            </apply>
          </math>
        </kineticLaw>
      </reaction>
      <reaction id="J17" reversible="true">
        <listOfReactants>
          <speciesReference species="S12" stoichiometry="1" constant="true"/>
        </listOfReactants>
        <listOfProducts>
          <speciesReference species="S22" stoichiometry="1" constant="true"/>
        </listOfProducts>
        <kineticLaw>
          <math xmlns="http://www.w3.org/1998/Math/MathML">
            <apply>
              <times/>
              <ci> kc17 </ci>
              <ci> S12 </ci>
            </apply>
          </math>
        </kineticLaw>
      </reaction>
      <reaction id="J18" reversible="true">
        <listOfReactants>
          <speciesReference species="S37" stoichiometry="1" constant="true"/>
        </listOfReactants>
        <listOfProducts>
          <speciesReference species="S13" stoichiometry="1" constant="true"/>
        </listOfProducts>
        <kineticLaw>
          <math xmlns="http://www.w3.org/1998/Math/MathML">
            <apply>
              <times/>
              <ci> kc18 </ci>
              <ci> S37 </ci>
            </apply>
          </math>
        </kineticLaw>
      </reaction>
      <reaction id="J19" reversible="true">
        <listOfReactants>
          <speciesReference species="S32" stoichiometry="1" constant="true"/>
          <speciesReference species="S11" stoichiometry="1" constant="true"/>
        </listOfReactants>
        <listOfProducts>
          <speciesReference species="S8" stoichiometry="1" constant="true"/>
        </listOfProducts>
        <kineticLaw>
          <math xmlns="http://www.w3.org/1998/Math/MathML">
            <apply>
              <times/>
              <ci> kc19 </ci>
              <ci> S32 </ci>
              <ci> S11 </ci>
            </apply>
          </math>
        </kineticLaw>
      </reaction>
      <reaction id="J20" reversible="true">
        <listOfReactants>
          <speciesReference species="S35" stoichiometry="1" constant="true"/>
        </listOfReactants>
        <listOfProducts>
          <speciesReference species="S6" stoichiometry="1" constant="true"/>
        </listOfProducts>
        <kineticLaw>
          <math xmlns="http://www.w3.org/1998/Math/MathML">
            <apply>
              <times/>
              <ci> kc20 </ci>
              <ci> S35 </ci>
            </apply>
          </math>
        </kineticLaw>
      </reaction>
      <reaction id="J21" reversible="true">
        <listOfReactants>
          <speciesReference species="S2" stoichiometry="1" constant="true"/>
          <speciesReference species="S25" stoichiometry="1" constant="true"/>
        </listOfReactants>
        <listOfProducts>
          <speciesReference species="S35" stoichiometry="1" constant="true"/>
        </listOfProducts>
        <kineticLaw>
          <math xmlns="http://www.w3.org/1998/Math/MathML">
            <apply>
              <times/>
              <ci> kc21 </ci>
              <ci> S2 </ci>
              <ci> S25 </ci>
            </apply>
          </math>
        </kineticLaw>
      </reaction>
      <reaction id="J22" reversible="true">
        <listOfReactants>
          <speciesReference species="S27" stoichiometry="1" constant="true"/>
        </listOfReactants>
        <listOfProducts>
          <speciesReference species="S11" stoichiometry="1" constant="true"/>
          <speciesReference species="S36" stoichiometry="1" constant="true"/>
        </listOfProducts>
        <kineticLaw>
          <math xmlns="http://www.w3.org/1998/Math/MathML">
            <apply>
              <times/>
              <ci> kc22 </ci>
              <ci> S27 </ci>
            </apply>
          </math>
        </kineticLaw>
      </reaction>
      <reaction id="J23" reversible="true">
        <listOfReactants>
          <speciesReference species="S32" stoichiometry="1" constant="true"/>
        </listOfReactants>
        <listOfProducts>
          <speciesReference species="S0" stoichiometry="1" constant="true"/>
        </listOfProducts>
        <kineticLaw>
          <math xmlns="http://www.w3.org/1998/Math/MathML">
            <apply>
              <times/>
              <ci> kc23 </ci>
              <ci> S32 </ci>
            </apply>
          </math>
        </kineticLaw>
      </reaction>
      <reaction id="J24" reversible="true">
        <listOfReactants>
          <speciesReference species="S34" stoichiometry="1" constant="true"/>
          <speciesReference species="S23" stoichiometry="1" constant="true"/>
        </listOfReactants>
        <listOfProducts>
          <speciesReference species="S11" stoichiometry="1" constant="true"/>
        </listOfProducts>
        <kineticLaw>
          <math xmlns="http://www.w3.org/1998/Math/MathML">
            <apply>
              <times/>
              <ci> kc24 </ci>
              <ci> S34 </ci>
              <ci> S23 </ci>
            </apply>
          </math>
        </kineticLaw>
      </reaction>
      <reaction id="J25" reversible="true">
        <listOfReactants>
          <speciesReference species="S35" stoichiometry="1" constant="true"/>
        </listOfReactants>
        <listOfProducts>
          <speciesReference species="S19" stoichiometry="1" constant="true"/>
        </listOfProducts>
        <kineticLaw>
          <math xmlns="http://www.w3.org/1998/Math/MathML">
            <apply>
              <times/>
              <ci> kc25 </ci>
              <ci> S35 </ci>
            </apply>
          </math>
        </kineticLaw>
      </reaction>
      <reaction id="J26" reversible="true">
        <listOfReactants>
          <speciesReference species="S29" stoichiometry="1" constant="true"/>
        </listOfReactants>
        <listOfProducts>
          <speciesReference species="S32" stoichiometry="1" constant="true"/>
        </listOfProducts>
        <kineticLaw>
          <math xmlns="http://www.w3.org/1998/Math/MathML">
            <apply>
              <times/>
              <ci> kc26 </ci>
              <ci> S29 </ci>
            </apply>
          </math>
        </kineticLaw>
      </reaction>
      <reaction id="J27" reversible="true">
        <listOfReactants>
          <speciesReference species="S4" stoichiometry="1" constant="true"/>
          <speciesReference species="S25" stoichiometry="1" constant="true"/>
        </listOfReactants>
        <listOfProducts>
          <speciesReference species="S7" stoichiometry="1" constant="true"/>
        </listOfProducts>
        <kineticLaw>
          <math xmlns="http://www.w3.org/1998/Math/MathML">
            <apply>
              <times/>
              <ci> kc27 </ci>
              <ci> S4 </ci>
              <ci> S25 </ci>
            </apply>
          </math>
        </kineticLaw>
      </reaction>
      <reaction id="J28" reversible="true">
        <listOfReactants>
          <speciesReference species="S38" stoichiometry="1" constant="true"/>
          <speciesReference species="S5" stoichiometry="1" constant="true"/>
        </listOfReactants>
        <listOfProducts>
          <speciesReference species="S3" stoichiometry="1" constant="true"/>
        </listOfProducts>
        <kineticLaw>
          <math xmlns="http://www.w3.org/1998/Math/MathML">
            <apply>
              <times/>
              <ci> kc28 </ci>
              <ci> S38 </ci>
              <ci> S5 </ci>
            </apply>
          </math>
        </kineticLaw>
      </reaction>
      <reaction id="J29" reversible="true">
        <listOfReactants>
          <speciesReference species="S19" stoichiometry="1" constant="true"/>
        </listOfReactants>
        <listOfProducts>
          <speciesReference species="S16" stoichiometry="1" constant="true"/>
        </listOfProducts>
        <kineticLaw>
          <math xmlns="http://www.w3.org/1998/Math/MathML">
            <apply>
              <times/>
              <ci> kc29 </ci>
              <ci> S19 </ci>
            </apply>
          </math>
        </kineticLaw>
      </reaction>
      <reaction id="J30" reversible="true">
        <listOfReactants>
          <speciesReference species="S6" stoichiometry="1" constant="true"/>
        </listOfReactants>
        <listOfProducts>
          <speciesReference species="S14" stoichiometry="1" constant="true"/>
          <speciesReference species="S19" stoichiometry="1" constant="true"/>
        </listOfProducts>
        <kineticLaw>
          <math xmlns="http://www.w3.org/1998/Math/MathML">
            <apply>
              <times/>
              <ci> kc30 </ci>
              <ci> S6 </ci>
            </apply>
          </math>
        </kineticLaw>
      </reaction>
      <reaction id="J31" reversible="true">
        <listOfReactants>
          <speciesReference species="S3" stoichiometry="1" constant="true"/>
        </listOfReactants>
        <listOfProducts>
          <speciesReference species="S20" stoichiometry="1" constant="true"/>
          <speciesReference species="S8" stoichiometry="1" constant="true"/>
        </listOfProducts>
        <kineticLaw>
          <math xmlns="http://www.w3.org/1998/Math/MathML">
            <apply>
              <times/>
              <ci> kc31 </ci>
              <ci> S3 </ci>
            </apply>
          </math>
        </kineticLaw>
      </reaction>
      <reaction id="J32" reversible="true">
        <listOfReactants>
          <speciesReference species="S29" stoichiometry="1" constant="true"/>
        </listOfReactants>
        <listOfProducts>
          <speciesReference species="S2" stoichiometry="1" constant="true"/>
          <speciesReference species="S28" stoichiometry="1" constant="true"/>
        </listOfProducts>
        <kineticLaw>
          <math xmlns="http://www.w3.org/1998/Math/MathML">
            <apply>
              <times/>
              <ci> kc32 </ci>
              <ci> S29 </ci>
            </apply>
          </math>
        </kineticLaw>
      </reaction>
      <reaction id="J33" reversible="true">
        <listOfReactants>
          <speciesReference species="S19" stoichiometry="1" constant="true"/>
        </listOfReactants>
        <listOfProducts>
          <speciesReference species="S19" stoichiometry="1" constant="true"/>
          <speciesReference species="S13" stoichiometry="1" constant="true"/>
        </listOfProducts>
        <kineticLaw>
          <math xmlns="http://www.w3.org/1998/Math/MathML">
            <apply>
              <times/>
              <ci> kc33 </ci>
              <ci> S19 </ci>
            </apply>
          </math>
        </kineticLaw>
      </reaction>
      <reaction id="J34" reversible="true">
        <listOfReactants>
          <speciesReference species="S33" stoichiometry="1" constant="true"/>
          <speciesReference species="S10" stoichiometry="1" constant="true"/>
        </listOfReactants>
        <listOfProducts>
          <speciesReference species="S30" stoichiometry="1" constant="true"/>
        </listOfProducts>
        <kineticLaw>
          <math xmlns="http://www.w3.org/1998/Math/MathML">
            <apply>
              <times/>
              <ci> kc34 </ci>
              <ci> S33 </ci>
              <ci> S10 </ci>
            </apply>
          </math>
        </kineticLaw>
      </reaction>
      <reaction id="J35" reversible="true">
        <listOfReactants>
          <speciesReference species="S6" stoichiometry="1" constant="true"/>
        </listOfReactants>
        <listOfProducts>
          <speciesReference species="S3" stoichiometry="1" constant="true"/>
        </listOfProducts>
        <kineticLaw>
          <math xmlns="http://www.w3.org/1998/Math/MathML">
            <apply>
              <times/>
              <ci> kc35 </ci>
              <ci> S6 </ci>
            </apply>
          </math>
        </kineticLaw>
      </reaction>
      <reaction id="J36" reversible="true">
        <listOfReactants>
          <speciesReference species="S26" stoichiometry="1" constant="true"/>
        </listOfReactants>
        <listOfProducts>
          <speciesReference species="S32" stoichiometry="1" constant="true"/>
        </listOfProducts>
        <kineticLaw>
          <math xmlns="http://www.w3.org/1998/Math/MathML">
            <apply>
              <times/>
              <ci> kc36 </ci>
              <ci> S26 </ci>
            </apply>
          </math>
        </kineticLaw>
      </reaction>
      <reaction id="J37" reversible="true">
        <listOfReactants>
          <speciesReference species="S27" stoichiometry="1" constant="true"/>
        </listOfReactants>
        <listOfProducts>
          <speciesReference species="S21" stoichiometry="1" constant="true"/>
          <speciesReference species="S23" stoichiometry="1" constant="true"/>
        </listOfProducts>
        <kineticLaw>
          <math xmlns="http://www.w3.org/1998/Math/MathML">
            <apply>
              <times/>
              <ci> kc37 </ci>
              <ci> S27 </ci>
            </apply>
          </math>
        </kineticLaw>
      </reaction>
      <reaction id="J38" reversible="true">
        <listOfReactants>
          <speciesReference species="S14" stoichiometry="1" constant="true"/>
        </listOfReactants>
        <listOfProducts>
          <speciesReference species="S10" stoichiometry="1" constant="true"/>
        </listOfProducts>
        <kineticLaw>
          <math xmlns="http://www.w3.org/1998/Math/MathML">
            <apply>
              <times/>
              <ci> kc38 </ci>
              <ci> S14 </ci>
            </apply>
          </math>
        </kineticLaw>
      </reaction>
      <reaction id="J39" reversible="true">
        <listOfReactants>
          <speciesReference species="S21" stoichiometry="1" constant="true"/>
          <speciesReference species="S12" stoichiometry="1" constant="true"/>
        </listOfReactants>
        <listOfProducts>
          <speciesReference species="S3" stoichiometry="1" constant="true"/>
          <speciesReference species="S18" stoichiometry="1" constant="true"/>
        </listOfProducts>
        <kineticLaw>
          <math xmlns="http://www.w3.org/1998/Math/MathML">
            <apply>
              <times/>
              <ci> kc39 </ci>
              <ci> S21 </ci>
              <ci> S12 </ci>
            </apply>
          </math>
        </kineticLaw>
      </reaction>
      <reaction id="J40" reversible="true">
        <listOfReactants>
          <speciesReference species="S15" stoichiometry="1" constant="true"/>
          <speciesReference species="S33" stoichiometry="1" constant="true"/>
        </listOfReactants>
        <listOfProducts>
          <speciesReference species="S18" stoichiometry="1" constant="true"/>
        </listOfProducts>
        <kineticLaw>
          <math xmlns="http://www.w3.org/1998/Math/MathML">
            <apply>
              <times/>
              <ci> kc40 </ci>
              <ci> S15 </ci>
              <ci> S33 </ci>
            </apply>
          </math>
        </kineticLaw>
      </reaction>
      <reaction id="J41" reversible="true">
        <listOfReactants>
          <speciesReference species="S32" stoichiometry="1" constant="true"/>
        </listOfReactants>
        <listOfProducts>
          <speciesReference species="S19" stoichiometry="1" constant="true"/>
        </listOfProducts>
        <kineticLaw>
          <math xmlns="http://www.w3.org/1998/Math/MathML">
            <apply>
              <times/>
              <ci> kc41 </ci>
              <ci> S32 </ci>
            </apply>
          </math>
        </kineticLaw>
      </reaction>
      <reaction id="J42" reversible="true">
        <listOfReactants>
          <speciesReference species="S5" stoichiometry="1" constant="true"/>
          <speciesReference species="S14" stoichiometry="1" constant="true"/>
        </listOfReactants>
        <listOfProducts>
          <speciesReference species="S31" stoichiometry="1" constant="true"/>
        </listOfProducts>
        <kineticLaw>
          <math xmlns="http://www.w3.org/1998/Math/MathML">
            <apply>
              <times/>
              <ci> kc42 </ci>
              <ci> S5 </ci>
              <ci> S14 </ci>
            </apply>
          </math>
        </kineticLaw>
      </reaction>
      <reaction id="J43" reversible="true">
        <listOfReactants>
          <speciesReference species="S8" stoichiometry="1" constant="true"/>
        </listOfReactants>
        <listOfProducts>
          <speciesReference species="S4" stoichiometry="1" constant="true"/>
        </listOfProducts>
        <kineticLaw>
          <math xmlns="http://www.w3.org/1998/Math/MathML">
            <apply>
              <times/>
              <ci> kc43 </ci>
              <ci> S8 </ci>
            </apply>
          </math>
        </kineticLaw>
      </reaction>
      <reaction id="J44" reversible="true">
        <listOfReactants>
          <speciesReference species="S20" stoichiometry="1" constant="true"/>
        </listOfReactants>
        <listOfProducts>
          <speciesReference species="S3" stoichiometry="1" constant="true"/>
          <speciesReference species="S2" stoichiometry="1" constant="true"/>
        </listOfProducts>
        <kineticLaw>
          <math xmlns="http://www.w3.org/1998/Math/MathML">
            <apply>
              <times/>
              <ci> kc44 </ci>
              <ci> S20 </ci>
            </apply>
          </math>
        </kineticLaw>
      </reaction>
      <reaction id="J45" reversible="true">
        <listOfReactants>
          <speciesReference species="S39" stoichiometry="1" constant="true"/>
          <speciesReference species="S35" stoichiometry="1" constant="true"/>
        </listOfReactants>
        <listOfProducts>
          <speciesReference species="S21" stoichiometry="1" constant="true"/>
        </listOfProducts>
        <kineticLaw>
          <math xmlns="http://www.w3.org/1998/Math/MathML">
            <apply>
              <times/>
              <ci> kc45 </ci>
              <ci> S39 </ci>
              <ci> S35 </ci>
            </apply>
          </math>
        </kineticLaw>
      </reaction>
      <reaction id="J46" reversible="true">
        <listOfReactants>
          <speciesReference species="S33" stoichiometry="1" constant="true"/>
        </listOfReactants>
        <listOfProducts>
          <speciesReference species="S3" stoichiometry="1" constant="true"/>
          <speciesReference species="S0" stoichiometry="1" constant="true"/>
        </listOfProducts>
        <kineticLaw>
          <math xmlns="http://www.w3.org/1998/Math/MathML">
            <apply>
              <times/>
              <ci> kc46 </ci>
              <ci> S33 </ci>
            </apply>
          </math>
        </kineticLaw>
      </reaction>
      <reaction id="J47" reversible="true">
        <listOfReactants>
          <speciesReference species="S16" stoichiometry="1" constant="true"/>
        </listOfReactants>
        <listOfProducts>
          <speciesReference species="S17" stoichiometry="1" constant="true"/>
        </listOfProducts>
        <kineticLaw>
          <math xmlns="http://www.w3.org/1998/Math/MathML">
            <apply>
              <times/>
              <ci> kc47 </ci>
              <ci> S16 </ci>
            </apply>
          </math>
        </kineticLaw>
      </reaction>
      <reaction id="J48" reversible="true">
        <listOfReactants>
          <speciesReference species="S26" stoichiometry="1" constant="true"/>
          <speciesReference species="S23" stoichiometry="1" constant="true"/>
        </listOfReactants>
        <listOfProducts>
          <speciesReference species="S37" stoichiometry="1" constant="true"/>
          <speciesReference species="S26" stoichiometry="1" constant="true"/>
        </listOfProducts>
        <kineticLaw>
          <math xmlns="http://www.w3.org/1998/Math/MathML">
            <apply>
              <times/>
              <ci> kc48 </ci>
              <ci> S26 </ci>
              <ci> S23 </ci>
            </apply>
          </math>
        </kineticLaw>
      </reaction>
      <reaction id="J49" reversible="true">
        <listOfReactants>
          <speciesReference species="S8" stoichiometry="1" constant="true"/>
          <speciesReference species="S28" stoichiometry="1" constant="true"/>
        </listOfReactants>
        <listOfProducts>
          <speciesReference species="S35" stoichiometry="1" constant="true"/>
        </listOfProducts>
        <kineticLaw>
          <math xmlns="http://www.w3.org/1998/Math/MathML">
            <apply>
              <times/>
              <ci> kc49 </ci>
              <ci> S8 </ci>
              <ci> S28 </ci>
            </apply>
          </math>
        </kineticLaw>
      </reaction>
      <reaction id="J50" reversible="true">
        <listOfReactants>
          <speciesReference species="S4" stoichiometry="1" constant="true"/>
        </listOfReactants>
        <listOfProducts>
          <speciesReference species="S24" stoichiometry="1" constant="true"/>
        </listOfProducts>
        <kineticLaw>
          <math xmlns="http://www.w3.org/1998/Math/MathML">
            <apply>
              <times/>
              <ci> kc50 </ci>
              <ci> S4 </ci>
            </apply>
          </math>
        </kineticLaw>
      </reaction>
      <reaction id="J51" reversible="true">
        <listOfReactants>
          <speciesReference species="S33" stoichiometry="1" constant="true"/>
          <speciesReference species="S39" stoichiometry="1" constant="true"/>
        </listOfReactants>
        <listOfProducts>
          <speciesReference species="S22" stoichiometry="1" constant="true"/>
        </listOfProducts>
        <kineticLaw>
          <math xmlns="http://www.w3.org/1998/Math/MathML">
            <apply>
              <times/>
              <ci> kc51 </ci>
              <ci> S33 </ci>
              <ci> S39 </ci>
            </apply>
          </math>
        </kineticLaw>
      </reaction>
      <reaction id="J52" reversible="true">
        <listOfReactants>
          <speciesReference species="S7" stoichiometry="1" constant="true"/>
        </listOfReactants>
        <listOfProducts>
          <speciesReference species="S8" stoichiometry="1" constant="true"/>
        </listOfProducts>
        <kineticLaw>
          <math xmlns="http://www.w3.org/1998/Math/MathML">
            <apply>
              <times/>
              <ci> kc52 </ci>
              <ci> S7 </ci>
            </apply>
          </math>
        </kineticLaw>
      </reaction>
      <reaction id="J53" reversible="true">
        <listOfReactants>
          <speciesReference species="S12" stoichiometry="1" constant="true"/>
        </listOfReactants>
        <listOfProducts>
          <speciesReference species="S34" stoichiometry="1" constant="true"/>
          <speciesReference species="S3" stoichiometry="1" constant="true"/>
        </listOfProducts>
        <kineticLaw>
          <math xmlns="http://www.w3.org/1998/Math/MathML">
            <apply>
              <times/>
              <ci> kc53 </ci>
              <ci> S12 </ci>
            </apply>
          </math>
        </kineticLaw>
      </reaction>
      <reaction id="J54" reversible="true">
        <listOfReactants>
          <speciesReference species="S16" stoichiometry="1" constant="true"/>
          <speciesReference species="S22" stoichiometry="1" constant="true"/>
        </listOfReactants>
        <listOfProducts>
          <speciesReference species="S12" stoichiometry="1" constant="true"/>
          <speciesReference species="S17" stoichiometry="1" constant="true"/>
        </listOfProducts>
        <kineticLaw>
          <math xmlns="http://www.w3.org/1998/Math/MathML">
            <apply>
              <times/>
              <ci> kc54 </ci>
              <ci> S16 </ci>
              <ci> S22 </ci>
            </apply>
          </math>
        </kineticLaw>
      </reaction>
      <reaction id="J55" reversible="true">
        <listOfReactants>
          <speciesReference species="S16" stoichiometry="1" constant="true"/>
        </listOfReactants>
        <listOfProducts>
          <speciesReference species="S11" stoichiometry="1" constant="true"/>
        </listOfProducts>
        <kineticLaw>
          <math xmlns="http://www.w3.org/1998/Math/MathML">
            <apply>
              <times/>
              <ci> kc55 </ci>
              <ci> S16 </ci>
            </apply>
          </math>
        </kineticLaw>
      </reaction>
      <reaction id="J56" reversible="true">
        <listOfReactants>
          <speciesReference species="S6" stoichiometry="1" constant="true"/>
        </listOfReactants>
        <listOfProducts>
          <speciesReference species="S38" stoichiometry="1" constant="true"/>
          <speciesReference species="S9" stoichiometry="1" constant="true"/>
        </listOfProducts>
        <kineticLaw>
          <math xmlns="http://www.w3.org/1998/Math/MathML">
            <apply>
              <times/>
              <ci> kc56 </ci>
              <ci> S6 </ci>
            </apply>
          </math>
        </kineticLaw>
      </reaction>
    </listOfReactions>
  </model>
</sbml>
