<?xml version="1.0" encoding="UTF-8"?>
<!-- Created by libAntimony version v2.15.0 with libSBML version 5.20.2. -->
<sbml xmlns="http://www.sbml.org/sbml/level3/version2/core" level="3" version="2">
  <model metaid="__main" id="__main">
    <listOfCompartments>
      <compartment sboTerm="SBO:0000410" id="default_compartment" spatialDimensions="3" size="1" constant="true"/>
    </listOfCompartments>
    <listOfSpecies>
      <species id="S0" compartment="default_compartment" initialConcentration="7.6872463636186" hasOnlySubstanceUnits="false" boundaryCondition="false" constant="false"/>
      <species id="S1" compartment="default_compartment" initialConcentration="5.24342522225444" hasOnlySubstanceUnits="false" boundaryCondition="false" constant="false"/>
      <species id="S2" compartment="default_compartment" initialConcentration="9.49066291502226" hasOnlySubstanceUnits="false" boundaryCondition="false" constant="false"/>
      <species id="S5" compartment="default_compartment" initialConcentration="0.523226278751812" hasOnlySubstanceUnits="false" boundaryCondition="false" constant="false"/>
      <species id="S6" compartment="default_compartment" initialConcentration="5.6920315702056" hasOnlySubstanceUnits="false" boundaryCondition="false" constant="false"/>
      <species id="S8" compartment="default_compartment" initialConcentration="6.63546384688249" hasOnlySubstanceUnits="false" boundaryCondition="false" constant="false"/>
      <species id="S3" compartment="default_compartment" initialConcentration="5.88260742251216" hasOnlySubstanceUnits="false" boundaryCondition="true" constant="false"/>
      <species id="S4" compartment="default_compartment" initialConcentration="2.28459367587389" hasOnlySubstanceUnits="false" boundaryCondition="true" constant="false"/>
      <species id="S7" compartment="default_compartment" initialConcentration="3.01244228727202" hasOnlySubstanceUnits="false" boundaryCondition="true" constant="false"/>
      <species id="S9" compartment="default_compartment" initialConcentration="5.04303065822122" hasOnlySubstanceUnits="false" boundaryCondition="true" constant="false"/>
    </listOfSpecies>
    <listOfParameters>
      <parameter id="kc0" value="0.0344080256705413" constant="true"/>
      <parameter id="kc1" value="0.038934247336798" constant="true"/>
      <parameter id="kc2" value="0.253557824887606" constant="true"/>
      <parameter id="kc3" value="0.844251596408177" constant="true"/>
      <parameter id="kc4" value="0.3523615698635" constant="true"/>
      <parameter id="kc5" value="0.955207810776781" constant="true"/>
      <parameter id="kc6" value="0.537017397511677" constant="true"/>
      <parameter id="kc7" value="0.214323823965382" constant="true"/>
      <parameter id="kc8" value="0.0263203564139154" constant="true"/>
      <parameter id="kc9" value="0.560038510707517" constant="true"/>
      <parameter id="kc10" value="0.352174986627715" constant="true"/>
      <parameter id="kc11" value="0.195383917274467" constant="true"/>
      <parameter id="kc12" value="0.0262594956289361" constant="true"/>
      <parameter id="kc13" value="0.0610880953080299" constant="true"/>
      <parameter id="kc14" value="0.147468881251196" constant="true"/>
      <parameter id="kc15" value="0.0212472066507388" constant="true"/>
      <parameter id="kc16" value="0.0219002379209904" constant="true"/>
    </listOfParameters>
    <listOfReactions>
      <reaction id="J0" reversible="true">
        <listOfReactants>
          <speciesReference species="S4" stoichiometry="1" constant="true"/>
        </listOfReactants>
        <listOfProducts>
          <speciesReference species="S4" stoichiometry="1" constant="true"/>
          <speciesReference species="S2" stoichiometry="1" constant="true"/>
        </listOfProducts>
        <kineticLaw>
          <math xmlns="http://www.w3.org/1998/Math/MathML">
            <apply>
              <times/>
              <ci> kc0 </ci>
              <ci> S4 </ci>
            </apply>
          </math>
        </kineticLaw>
      </reaction>
      <reaction id="J1" reversible="true">
        <listOfReactants>
          <speciesReference species="S9" stoichiometry="1" constant="true"/>
          <speciesReference species="S4" stoichiometry="1" constant="true"/>
        </listOfReactants>
        <listOfProducts>
          <speciesReference species="S9" stoichiometry="1" constant="true"/>
        </listOfProducts>
        <kineticLaw>
          <math xmlns="http://www.w3.org/1998/Math/MathML">
            <apply>
              <times/>
              <ci> kc1 </ci>
              <ci> S9 </ci>
              <ci> S4 </ci>
            </apply>
          </math>
        </kineticLaw>
      </reaction>
      <reaction id="J2" reversible="true">
        <listOfReactants>
          <speciesReference species="S0" stoichiometry="1" constant="true"/>
        </listOfReactants>
        <listOfProducts>
          <speciesReference species="S1" stoichiometry="1" constant="true"/>
        </listOfProducts>
        <kineticLaw>
          <math xmlns="http://www.w3.org/1998/Math/MathML">
            <apply>
              <times/>
              <ci> kc2 </ci>
              <ci> S0 </ci>
            </apply>
          </math>
        </kineticLaw>
      </reaction>
      <reaction id="J3" reversible="true">
        <listOfReactants>
          <speciesReference species="S8" stoichiometry="1" constant="true"/>
          <speciesReference species="S2" stoichiometry="1" constant="true"/>
        </listOfReactants>
        <listOfProducts>
          <speciesReference species="S0" stoichiometry="1" constant="true"/>
        </listOfProducts>
        <kineticLaw>
          <math xmlns="http://www.w3.org/1998/Math/MathML">
            <apply>
              <times/>
              <ci> kc3 </ci>
              <ci> S8 </ci>
              <ci> S2 </ci>
            </apply>
          </math>
        </kineticLaw>
      </reaction>
      <reaction id="J4" reversible="true">
        <listOfReactants>
          <speciesReference species="S6" stoichiometry="1" constant="true"/>
        </listOfReactants>
        <listOfProducts>
          <speciesReference species="S2" stoichiometry="1" constant="true"/>
        </listOfProducts>
        <kineticLaw>
          <math xmlns="http://www.w3.org/1998/Math/MathML">
            <apply>
              <times/>
              <ci> kc4 </ci>
              <ci> S6 </ci>
            </apply>
          </math>
        </kineticLaw>
      </reaction>
      <reaction id="J5" reversible="true">
        <listOfReactants>
          <speciesReference species="S0" stoichiometry="1" constant="true"/>
        </listOfReactants>
        <listOfProducts>
          <speciesReference species="S3" stoichiometry="1" constant="true"/>
        </listOfProducts>
        <kineticLaw>
          <math xmlns="http://www.w3.org/1998/Math/MathML">
            <apply>
              <times/>
              <ci> kc5 </ci>
              <ci> S0 </ci>
            </apply>
          </math>
        </kineticLaw>
      </reaction>
      <reaction id="J6" reversible="true">
        <listOfReactants>
          <speciesReference species="S5" stoichiometry="1" constant="true"/>
        </listOfReactants>
        <listOfProducts>
          <speciesReference species="S3" stoichiometry="1" constant="true"/>
        </listOfProducts>
        <kineticLaw>
          <math xmlns="http://www.w3.org/1998/Math/MathML">
            <apply>
              <times/>
              <ci> kc6 </ci>
              <ci> S5 </ci>
            </apply>
          </math>
        </kineticLaw>
      </reaction>
      <reaction id="J7" reversible="true">
        <listOfReactants>
          <speciesReference species="S8" stoichiometry="1" constant="true"/>
          <speciesReference species="S9" stoichiometry="1" constant="true"/>
        </listOfReactants>
        <listOfProducts>
          <speciesReference species="S8" stoichiometry="1" constant="true"/>
        </listOfProducts>
        <kineticLaw>
          <math xmlns="http://www.w3.org/1998/Math/MathML">
            <apply>
              <times/>
              <ci> kc7 </ci>
              <ci> S8 </ci>
              <ci> S9 </ci>
            </apply>
          </math>
        </kineticLaw>
      </reaction>
      <reaction id="J8" reversible="true">
        <listOfReactants>
          <speciesReference species="S1" stoichiometry="1" constant="true"/>
          <speciesReference species="S8" stoichiometry="1" constant="true"/>
        </listOfReactants>
        <listOfProducts>
          <speciesReference species="S3" stoichiometry="1" constant="true"/>
        </listOfProducts>
        <kineticLaw>
          <math xmlns="http://www.w3.org/1998/Math/MathML">
            <apply>
              <times/>
              <ci> kc8 </ci>
              <ci> S1 </ci>
              <ci> S8 </ci>
            </apply>
          </math>
        </kineticLaw>
      </reaction>
      <reaction id="J9" reversible="true">
        <listOfReactants>
          <speciesReference species="S2" stoichiometry="1" constant="true"/>
          <speciesReference species="S0" stoichiometry="1" constant="true"/>
        </listOfReactants>
        <listOfProducts>
          <speciesReference species="S2" stoichiometry="1" constant="true"/>
        </listOfProducts>
        <kineticLaw>
          <math xmlns="http://www.w3.org/1998/Math/MathML">
            <apply>
              <times/>
              <ci> kc9 </ci>
              <ci> S2 </ci>
              <ci> S0 </ci>
            </apply>
          </math>
        </kineticLaw>
      </reaction>
      <reaction id="J10" reversible="true">
        <listOfReactants>
          <speciesReference species="S5" stoichiometry="1" constant="true"/>
        </listOfReactants>
        <listOfProducts>
          <speciesReference species="S6" stoichiometry="1" constant="true"/>
          <speciesReference species="S0" stoichiometry="1" constant="true"/>
        </listOfProducts>
        <kineticLaw>
          <math xmlns="http://www.w3.org/1998/Math/MathML">
            <apply>
              <times/>
              <ci> kc10 </ci>
              <ci> S5 </ci>
            </apply>
          </math>
        </kineticLaw>
      </reaction>
      <reaction id="J11" reversible="true">
        <listOfReactants>
          <speciesReference species="S1" stoichiometry="1" constant="true"/>
        </listOfReactants>
        <listOfProducts>
          <speciesReference species="S6" stoichiometry="1" constant="true"/>
          <speciesReference species="S8" stoichiometry="1" constant="true"/>
        </listOfProducts>
        <kineticLaw>
          <math xmlns="http://www.w3.org/1998/Math/MathML">
            <apply>
              <times/>
              <ci> kc11 </ci>
              <ci> S1 </ci>
            </apply>
          </math>
        </kineticLaw>
      </reaction>
      <reaction id="J12" reversible="true">
        <listOfReactants>
          <speciesReference species="S8" stoichiometry="1" constant="true"/>
        </listOfReactants>
        <listOfProducts>
          <speciesReference species="S5" stoichiometry="1" constant="true"/>
          <speciesReference species="S8" stoichiometry="1" constant="true"/>
        </listOfProducts>
        <kineticLaw>
          <math xmlns="http://www.w3.org/1998/Math/MathML">
            <apply>
              <times/>
              <ci> kc12 </ci>
              <ci> S8 </ci>
            </apply>
          </math>
        </kineticLaw>
      </reaction>
      <reaction id="J13" reversible="true">
        <listOfReactants>
          <speciesReference species="S1" stoichiometry="1" constant="true"/>
        </listOfReactants>
        <listOfProducts>
          <speciesReference species="S0" stoichiometry="1" constant="true"/>
          <speciesReference species="S0" stoichiometry="1" constant="true"/>
        </listOfProducts>
        <kineticLaw>
          <math xmlns="http://www.w3.org/1998/Math/MathML">
            <apply>
              <times/>
              <ci> kc13 </ci>
              <ci> S1 </ci>
            </apply>
          </math>
        </kineticLaw>
      </reaction>
      <reaction id="J14" reversible="true">
        <listOfReactants>
          <speciesReference species="S4" stoichiometry="1" constant="true"/>
        </listOfReactants>
        <listOfProducts>
          <speciesReference species="S2" stoichiometry="1" constant="true"/>
        </listOfProducts>
        <kineticLaw>
          <math xmlns="http://www.w3.org/1998/Math/MathML">
            <apply>
              <times/>
              <ci> kc14 </ci>
              <ci> S4 </ci>
            </apply>
          </math>
        </kineticLaw>
      </reaction>
      <reaction id="J15" reversible="true">
        <listOfReactants>
          <speciesReference species="S2" stoichiometry="1" constant="true"/>
          <speciesReference species="S0" stoichiometry="1" constant="true"/>
        </listOfReactants>
        <listOfProducts>
          <speciesReference species="S8" stoichiometry="1" constant="true"/>
        </listOfProducts>
        <kineticLaw>
          <math xmlns="http://www.w3.org/1998/Math/MathML">
            <apply>
              <times/>
              <ci> kc15 </ci>
              <ci> S2 </ci>
              <ci> S0 </ci>
            </apply>
          </math>
        </kineticLaw>
      </reaction>
      <reaction id="J16" reversible="true">
        <listOfReactants>
          <speciesReference species="S7" stoichiometry="1" constant="true"/>
          <speciesReference species="S6" stoichiometry="1" constant="true"/>
        </listOfReactants>
        <listOfProducts>
          <speciesReference species="S1" stoichiometry="1" constant="true"/>
        </listOfProducts>
        <kineticLaw>
          <math xmlns="http://www.w3.org/1998/Math/MathML">
            <apply>
              <times/>
              <ci> kc16 </ci>
              <ci> S7 </ci>
              <ci> S6 </ci>
            </apply>
          </math>
        </kineticLaw>
      </reaction>
    </listOfReactions>
  </model>
</sbml>
