<?xml version="1.0" encoding="UTF-8"?>
<!-- Created by libAntimony version v2.15.0 with libSBML version 5.20.2. -->
<sbml xmlns="http://www.sbml.org/sbml/level3/version2/core" level="3" version="2">
  <model metaid="__main" id="__main">
    <listOfCompartments>
      <compartment sboTerm="SBO:0000410" id="default_compartment" spatialDimensions="3" size="1" constant="true"/>
    </listOfCompartments>
    <listOfSpecies>
      <species id="S0" compartment="default_compartment" initialConcentration="3.91042657045409" hasOnlySubstanceUnits="false" boundaryCondition="false" constant="false"/>
      <species id="S1" compartment="default_compartment" initialConcentration="2.55283259576376" hasOnlySubstanceUnits="false" boundaryCondition="false" constant="false"/>
      <species id="S2" compartment="default_compartment" initialConcentration="7.4104781012245" hasOnlySubstanceUnits="false" boundaryCondition="false" constant="false"/>
      <species id="S3" compartment="default_compartment" initialConcentration="7.55430800138434" hasOnlySubstanceUnits="false" boundaryCondition="false" constant="false"/>
      <species id="S4" compartment="default_compartment" initialConcentration="4.29582243393674" hasOnlySubstanceUnits="false" boundaryCondition="false" constant="false"/>
      <species id="S5" compartment="default_compartment" initialConcentration="8.6725425263267" hasOnlySubstanceUnits="false" boundaryCondition="false" constant="false"/>
      <species id="S6" compartment="default_compartment" initialConcentration="8.25969637179642" hasOnlySubstanceUnits="false" boundaryCondition="false" constant="false"/>
      <species id="S7" compartment="default_compartment" initialConcentration="9.23956212405033" hasOnlySubstanceUnits="false" boundaryCondition="false" constant="false"/>
      <species id="S8" compartment="default_compartment" initialConcentration="0.275160315445419" hasOnlySubstanceUnits="false" boundaryCondition="false" constant="false"/>
      <species id="S10" compartment="default_compartment" initialConcentration="6.31379711286072" hasOnlySubstanceUnits="false" boundaryCondition="false" constant="false"/>
      <species id="S11" compartment="default_compartment" initialConcentration="0.000305625854873925" hasOnlySubstanceUnits="false" boundaryCondition="false" constant="false"/>
      <species id="S12" compartment="default_compartment" initialConcentration="2.16602928317868" hasOnlySubstanceUnits="false" boundaryCondition="false" constant="false"/>
      <species id="S13" compartment="default_compartment" initialConcentration="1.02124534180388" hasOnlySubstanceUnits="false" boundaryCondition="false" constant="false"/>
      <species id="S14" compartment="default_compartment" initialConcentration="9.76805611742699" hasOnlySubstanceUnits="false" boundaryCondition="false" constant="false"/>
      <species id="S16" compartment="default_compartment" initialConcentration="6.92024822658901" hasOnlySubstanceUnits="false" boundaryCondition="false" constant="false"/>
      <species id="S17" compartment="default_compartment" initialConcentration="0.634676086849518" hasOnlySubstanceUnits="false" boundaryCondition="false" constant="false"/>
      <species id="S19" compartment="default_compartment" initialConcentration="8.85215025787306" hasOnlySubstanceUnits="false" boundaryCondition="false" constant="false"/>
      <species id="S20" compartment="default_compartment" initialConcentration="1.92915603591605" hasOnlySubstanceUnits="false" boundaryCondition="false" constant="false"/>
      <species id="S23" compartment="default_compartment" initialConcentration="1.77442063663626" hasOnlySubstanceUnits="false" boundaryCondition="false" constant="false"/>
      <species id="S25" compartment="default_compartment" initialConcentration="0.584260440624981" hasOnlySubstanceUnits="false" boundaryCondition="false" constant="false"/>
      <species id="S26" compartment="default_compartment" initialConcentration="2.88836258381842" hasOnlySubstanceUnits="false" boundaryCondition="false" constant="false"/>
      <species id="S27" compartment="default_compartment" initialConcentration="1.12700006699938" hasOnlySubstanceUnits="false" boundaryCondition="false" constant="false"/>
      <species id="S28" compartment="default_compartment" initialConcentration="9.94384994117805" hasOnlySubstanceUnits="false" boundaryCondition="false" constant="false"/>
      <species id="S29" compartment="default_compartment" initialConcentration="1.22597979613568" hasOnlySubstanceUnits="false" boundaryCondition="false" constant="false"/>
      <species id="S9" compartment="default_compartment" initialConcentration="3.35231268518562" hasOnlySubstanceUnits="false" boundaryCondition="true" constant="false"/>
      <species id="S15" compartment="default_compartment" initialConcentration="8.25422588627044" hasOnlySubstanceUnits="false" boundaryCondition="true" constant="false"/>
      <species id="S18" compartment="default_compartment" initialConcentration="5.29322772839247" hasOnlySubstanceUnits="false" boundaryCondition="true" constant="false"/>
      <species id="S21" compartment="default_compartment" initialConcentration="3.42036369192278" hasOnlySubstanceUnits="false" boundaryCondition="true" constant="false"/>
      <species id="S22" compartment="default_compartment" initialConcentration="7.47053897801141" hasOnlySubstanceUnits="false" boundaryCondition="true" constant="false"/>
      <species id="S24" compartment="default_compartment" initialConcentration="8.77539788378586" hasOnlySubstanceUnits="false" boundaryCondition="true" constant="false"/>
    </listOfSpecies>
    <listOfParameters>
      <parameter id="kc0" value="0.0724698394259119" constant="true"/>
      <parameter id="kc1" value="0.0546564839833862" constant="true"/>
      <parameter id="kc2" value="0.477977806397193" constant="true"/>
      <parameter id="kc3" value="0.989035768753446" constant="true"/>
      <parameter id="kc4" value="0.0469686159584458" constant="true"/>
      <parameter id="kc5" value="0.559377461335858" constant="true"/>
      <parameter id="kc6" value="0.251652100284734" constant="true"/>
      <parameter id="kc7" value="0.0130646078770963" constant="true"/>
      <parameter id="kc8" value="0.0222603471879908" constant="true"/>
      <parameter id="kc9" value="0.021338632910889" constant="true"/>
      <parameter id="kc10" value="0.18319176340907" constant="true"/>
      <parameter id="kc11" value="0.0443375881173391" constant="true"/>
      <parameter id="kc12" value="0.20345988438209" constant="true"/>
      <parameter id="kc13" value="0.610586036399616" constant="true"/>
      <parameter id="kc14" value="0.534332910165604" constant="true"/>
      <parameter id="kc15" value="0.182340822672187" constant="true"/>
      <parameter id="kc16" value="0.0731296004427298" constant="true"/>
      <parameter id="kc17" value="0.0124664602906108" constant="true"/>
      <parameter id="kc18" value="0.016975732807085" constant="true"/>
      <parameter id="kc19" value="0.0294498731994511" constant="true"/>
      <parameter id="kc20" value="0.025028129885079" constant="true"/>
      <parameter id="kc21" value="0.0167751563937499" constant="true"/>
      <parameter id="kc22" value="0.522672374859478" constant="true"/>
      <parameter id="kc23" value="0.0417212536159106" constant="true"/>
      <parameter id="kc24" value="0.0334028964625947" constant="true"/>
      <parameter id="kc25" value="0.128172058221305" constant="true"/>
      <parameter id="kc26" value="0.361759557940203" constant="true"/>
      <parameter id="kc27" value="0.227905291989199" constant="true"/>
      <parameter id="kc28" value="0.0790545203219091" constant="true"/>
      <parameter id="kc29" value="0.0203130795752653" constant="true"/>
      <parameter id="kc30" value="0.0298316259280589" constant="true"/>
      <parameter id="kc31" value="0.996301083751353" constant="true"/>
      <parameter id="kc32" value="0.0110104178709619" constant="true"/>
      <parameter id="kc33" value="0.0194407990309064" constant="true"/>
      <parameter id="kc34" value="0.0619666799482473" constant="true"/>
      <parameter id="kc35" value="0.0100987611352206" constant="true"/>
      <parameter id="kc36" value="0.16521280792219" constant="true"/>
      <parameter id="kc37" value="0.124956994828085" constant="true"/>
      <parameter id="kc38" value="0.0627653358052741" constant="true"/>
      <parameter id="kc39" value="0.306761235014289" constant="true"/>
      <parameter id="kc40" value="0.199316685006075" constant="true"/>
      <parameter id="kc41" value="0.0477103019191121" constant="true"/>
      <parameter id="kc42" value="0.261115721591011" constant="true"/>
      <parameter id="kc43" value="0.0124024427773474" constant="true"/>
      <parameter id="kc44" value="0.756763374721569" constant="true"/>
      <parameter id="kc45" value="0.0226712813453912" constant="true"/>
      <parameter id="kc46" value="0.0375726825157424" constant="true"/>
      <parameter id="kc47" value="0.0939118584592145" constant="true"/>
      <parameter id="kc48" value="0.119224740131282" constant="true"/>
      <parameter id="kc49" value="0.0797870048806743" constant="true"/>
      <parameter id="kc50" value="0.471791629573074" constant="true"/>
      <parameter id="kc51" value="0.0373415160357184" constant="true"/>
      <parameter id="kc52" value="0.112161731944819" constant="true"/>
      <parameter id="kc53" value="0.334535466863386" constant="true"/>
      <parameter id="kc54" value="0.0759910055237157" constant="true"/>
      <parameter id="kc55" value="0.298786667996552" constant="true"/>
      <parameter id="kc56" value="0.212634634787768" constant="true"/>
      <parameter id="kc57" value="0.0994738179816734" constant="true"/>
      <parameter id="kc58" value="0.0819554063498931" constant="true"/>
    </listOfParameters>
    <listOfReactions>
      <reaction id="J0" reversible="true">
        <listOfReactants>
          <speciesReference species="S11" stoichiometry="1" constant="true"/>
        </listOfReactants>
        <listOfProducts>
          <speciesReference species="S14" stoichiometry="1" constant="true"/>
        </listOfProducts>
        <kineticLaw>
          <math xmlns="http://www.w3.org/1998/Math/MathML">
            <apply>
              <times/>
              <ci> kc0 </ci>
              <ci> S11 </ci>
            </apply>
          </math>
        </kineticLaw>
      </reaction>
      <reaction id="J1" reversible="true">
        <listOfReactants>
          <speciesReference species="S5" stoichiometry="1" constant="true"/>
        </listOfReactants>
        <listOfProducts>
          <speciesReference species="S27" stoichiometry="1" constant="true"/>
        </listOfProducts>
        <kineticLaw>
          <math xmlns="http://www.w3.org/1998/Math/MathML">
            <apply>
              <times/>
              <ci> kc1 </ci>
              <ci> S5 </ci>
            </apply>
          </math>
        </kineticLaw>
      </reaction>
      <reaction id="J2" reversible="true">
        <listOfReactants>
          <speciesReference species="S7" stoichiometry="1" constant="true"/>
        </listOfReactants>
        <listOfProducts>
          <speciesReference species="S14" stoichiometry="1" constant="true"/>
          <speciesReference species="S4" stoichiometry="1" constant="true"/>
        </listOfProducts>
        <kineticLaw>
          <math xmlns="http://www.w3.org/1998/Math/MathML">
            <apply>
              <times/>
              <ci> kc2 </ci>
              <ci> S7 </ci>
            </apply>
          </math>
        </kineticLaw>
      </reaction>
      <reaction id="J3" reversible="true">
        <listOfReactants>
          <speciesReference species="S16" stoichiometry="1" constant="true"/>
        </listOfReactants>
        <listOfProducts>
          <speciesReference species="S6" stoichiometry="1" constant="true"/>
        </listOfProducts>
        <kineticLaw>
          <math xmlns="http://www.w3.org/1998/Math/MathML">
            <apply>
              <times/>
              <ci> kc3 </ci>
              <ci> S16 </ci>
            </apply>
          </math>
        </kineticLaw>
      </reaction>
      <reaction id="J4" reversible="true">
        <listOfReactants>
          <speciesReference species="S2" stoichiometry="1" constant="true"/>
          <speciesReference species="S19" stoichiometry="1" constant="true"/>
        </listOfReactants>
        <listOfProducts>
          <speciesReference species="S5" stoichiometry="1" constant="true"/>
        </listOfProducts>
        <kineticLaw>
          <math xmlns="http://www.w3.org/1998/Math/MathML">
            <apply>
              <times/>
              <ci> kc4 </ci>
              <ci> S2 </ci>
              <ci> S19 </ci>
            </apply>
          </math>
        </kineticLaw>
      </reaction>
      <reaction id="J5" reversible="true">
        <listOfReactants>
          <speciesReference species="S4" stoichiometry="1" constant="true"/>
        </listOfReactants>
        <listOfProducts>
          <speciesReference species="S14" stoichiometry="1" constant="true"/>
          <speciesReference species="S2" stoichiometry="1" constant="true"/>
        </listOfProducts>
        <kineticLaw>
          <math xmlns="http://www.w3.org/1998/Math/MathML">
            <apply>
              <times/>
              <ci> kc5 </ci>
              <ci> S4 </ci>
            </apply>
          </math>
        </kineticLaw>
      </reaction>
      <reaction id="J6" reversible="true">
        <listOfReactants>
          <speciesReference species="S15" stoichiometry="1" constant="true"/>
          <speciesReference species="S0" stoichiometry="1" constant="true"/>
        </listOfReactants>
        <listOfProducts>
          <speciesReference species="S16" stoichiometry="1" constant="true"/>
        </listOfProducts>
        <kineticLaw>
          <math xmlns="http://www.w3.org/1998/Math/MathML">
            <apply>
              <times/>
              <ci> kc6 </ci>
              <ci> S15 </ci>
              <ci> S0 </ci>
            </apply>
          </math>
        </kineticLaw>
      </reaction>
      <reaction id="J7" reversible="true">
        <listOfReactants>
          <speciesReference species="S20" stoichiometry="1" constant="true"/>
        </listOfReactants>
        <listOfProducts>
          <speciesReference species="S13" stoichiometry="1" constant="true"/>
        </listOfProducts>
        <kineticLaw>
          <math xmlns="http://www.w3.org/1998/Math/MathML">
            <apply>
              <times/>
              <ci> kc7 </ci>
              <ci> S20 </ci>
            </apply>
          </math>
        </kineticLaw>
      </reaction>
      <reaction id="J8" reversible="true">
        <listOfReactants>
          <speciesReference species="S22" stoichiometry="1" constant="true"/>
          <speciesReference species="S25" stoichiometry="1" constant="true"/>
        </listOfReactants>
        <listOfProducts>
          <speciesReference species="S11" stoichiometry="1" constant="true"/>
        </listOfProducts>
        <kineticLaw>
          <math xmlns="http://www.w3.org/1998/Math/MathML">
            <apply>
              <times/>
              <ci> kc8 </ci>
              <ci> S22 </ci>
              <ci> S25 </ci>
            </apply>
          </math>
        </kineticLaw>
      </reaction>
      <reaction id="J9" reversible="true">
        <listOfReactants>
          <speciesReference species="S18" stoichiometry="1" constant="true"/>
        </listOfReactants>
        <listOfProducts>
          <speciesReference species="S7" stoichiometry="1" constant="true"/>
        </listOfProducts>
        <kineticLaw>
          <math xmlns="http://www.w3.org/1998/Math/MathML">
            <apply>
              <times/>
              <ci> kc9 </ci>
              <ci> S18 </ci>
            </apply>
          </math>
        </kineticLaw>
      </reaction>
      <reaction id="J10" reversible="true">
        <listOfReactants>
          <speciesReference species="S16" stoichiometry="1" constant="true"/>
          <speciesReference species="S2" stoichiometry="1" constant="true"/>
        </listOfReactants>
        <listOfProducts>
          <speciesReference species="S5" stoichiometry="1" constant="true"/>
        </listOfProducts>
        <kineticLaw>
          <math xmlns="http://www.w3.org/1998/Math/MathML">
            <apply>
              <times/>
              <ci> kc10 </ci>
              <ci> S16 </ci>
              <ci> S2 </ci>
            </apply>
          </math>
        </kineticLaw>
      </reaction>
      <reaction id="J11" reversible="true">
        <listOfReactants>
          <speciesReference species="S8" stoichiometry="1" constant="true"/>
        </listOfReactants>
        <listOfProducts>
          <speciesReference species="S26" stoichiometry="1" constant="true"/>
          <speciesReference species="S29" stoichiometry="1" constant="true"/>
        </listOfProducts>
        <kineticLaw>
          <math xmlns="http://www.w3.org/1998/Math/MathML">
            <apply>
              <times/>
              <ci> kc11 </ci>
              <ci> S8 </ci>
            </apply>
          </math>
        </kineticLaw>
      </reaction>
      <reaction id="J12" reversible="true">
        <listOfReactants>
          <speciesReference species="S29" stoichiometry="1" constant="true"/>
        </listOfReactants>
        <listOfProducts>
          <speciesReference species="S16" stoichiometry="1" constant="true"/>
          <speciesReference species="S8" stoichiometry="1" constant="true"/>
        </listOfProducts>
        <kineticLaw>
          <math xmlns="http://www.w3.org/1998/Math/MathML">
            <apply>
              <times/>
              <ci> kc12 </ci>
              <ci> S29 </ci>
            </apply>
          </math>
        </kineticLaw>
      </reaction>
      <reaction id="J13" reversible="true">
        <listOfReactants>
          <speciesReference species="S21" stoichiometry="1" constant="true"/>
        </listOfReactants>
        <listOfProducts>
          <speciesReference species="S11" stoichiometry="1" constant="true"/>
          <speciesReference species="S8" stoichiometry="1" constant="true"/>
        </listOfProducts>
        <kineticLaw>
          <math xmlns="http://www.w3.org/1998/Math/MathML">
            <apply>
              <times/>
              <ci> kc13 </ci>
              <ci> S21 </ci>
            </apply>
          </math>
        </kineticLaw>
      </reaction>
      <reaction id="J14" reversible="true">
        <listOfReactants>
          <speciesReference species="S4" stoichiometry="1" constant="true"/>
        </listOfReactants>
        <listOfProducts>
          <speciesReference species="S16" stoichiometry="1" constant="true"/>
        </listOfProducts>
        <kineticLaw>
          <math xmlns="http://www.w3.org/1998/Math/MathML">
            <apply>
              <times/>
              <ci> kc14 </ci>
              <ci> S4 </ci>
            </apply>
          </math>
        </kineticLaw>
      </reaction>
      <reaction id="J15" reversible="true">
        <listOfReactants>
          <speciesReference species="S1" stoichiometry="1" constant="true"/>
        </listOfReactants>
        <listOfProducts>
          <speciesReference species="S17" stoichiometry="1" constant="true"/>
        </listOfProducts>
        <kineticLaw>
          <math xmlns="http://www.w3.org/1998/Math/MathML">
            <apply>
              <times/>
              <ci> kc15 </ci>
              <ci> S1 </ci>
            </apply>
          </math>
        </kineticLaw>
      </reaction>
      <reaction id="J16" reversible="true">
        <listOfReactants>
          <speciesReference species="S27" stoichiometry="1" constant="true"/>
        </listOfReactants>
        <listOfProducts>
          <speciesReference species="S1" stoichiometry="1" constant="true"/>
          <speciesReference species="S10" stoichiometry="1" constant="true"/>
        </listOfProducts>
        <kineticLaw>
          <math xmlns="http://www.w3.org/1998/Math/MathML">
            <apply>
              <times/>
              <ci> kc16 </ci>
              <ci> S27 </ci>
            </apply>
          </math>
        </kineticLaw>
      </reaction>
      <reaction id="J17" reversible="true">
        <listOfReactants>
          <speciesReference species="S5" stoichiometry="1" constant="true"/>
        </listOfReactants>
        <listOfProducts>
          <speciesReference species="S10" stoichiometry="1" constant="true"/>
        </listOfProducts>
        <kineticLaw>
          <math xmlns="http://www.w3.org/1998/Math/MathML">
            <apply>
              <times/>
              <ci> kc17 </ci>
              <ci> S5 </ci>
            </apply>
          </math>
        </kineticLaw>
      </reaction>
      <reaction id="J18" reversible="true">
        <listOfReactants>
          <speciesReference species="S10" stoichiometry="1" constant="true"/>
        </listOfReactants>
        <listOfProducts>
          <speciesReference species="S16" stoichiometry="1" constant="true"/>
        </listOfProducts>
        <kineticLaw>
          <math xmlns="http://www.w3.org/1998/Math/MathML">
            <apply>
              <times/>
              <ci> kc18 </ci>
              <ci> S10 </ci>
            </apply>
          </math>
        </kineticLaw>
      </reaction>
      <reaction id="J19" reversible="true">
        <listOfReactants>
          <speciesReference species="S3" stoichiometry="1" constant="true"/>
        </listOfReactants>
        <listOfProducts>
          <speciesReference species="S19" stoichiometry="1" constant="true"/>
          <speciesReference species="S14" stoichiometry="1" constant="true"/>
        </listOfProducts>
        <kineticLaw>
          <math xmlns="http://www.w3.org/1998/Math/MathML">
            <apply>
              <times/>
              <ci> kc19 </ci>
              <ci> S3 </ci>
            </apply>
          </math>
        </kineticLaw>
      </reaction>
      <reaction id="J20" reversible="true">
        <listOfReactants>
          <speciesReference species="S3" stoichiometry="1" constant="true"/>
        </listOfReactants>
        <listOfProducts>
          <speciesReference species="S16" stoichiometry="1" constant="true"/>
          <speciesReference species="S20" stoichiometry="1" constant="true"/>
        </listOfProducts>
        <kineticLaw>
          <math xmlns="http://www.w3.org/1998/Math/MathML">
            <apply>
              <times/>
              <ci> kc20 </ci>
              <ci> S3 </ci>
            </apply>
          </math>
        </kineticLaw>
      </reaction>
      <reaction id="J21" reversible="true">
        <listOfReactants>
          <speciesReference species="S5" stoichiometry="1" constant="true"/>
          <speciesReference species="S1" stoichiometry="1" constant="true"/>
        </listOfReactants>
        <listOfProducts>
          <speciesReference species="S26" stoichiometry="1" constant="true"/>
        </listOfProducts>
        <kineticLaw>
          <math xmlns="http://www.w3.org/1998/Math/MathML">
            <apply>
              <times/>
              <ci> kc21 </ci>
              <ci> S5 </ci>
              <ci> S1 </ci>
            </apply>
          </math>
        </kineticLaw>
      </reaction>
      <reaction id="J22" reversible="true">
        <listOfReactants>
          <speciesReference species="S12" stoichiometry="1" constant="true"/>
        </listOfReactants>
        <listOfProducts>
          <speciesReference species="S9" stoichiometry="1" constant="true"/>
          <speciesReference species="S20" stoichiometry="1" constant="true"/>
        </listOfProducts>
        <kineticLaw>
          <math xmlns="http://www.w3.org/1998/Math/MathML">
            <apply>
              <times/>
              <ci> kc22 </ci>
              <ci> S12 </ci>
            </apply>
          </math>
        </kineticLaw>
      </reaction>
      <reaction id="J23" reversible="true">
        <listOfReactants>
          <speciesReference species="S6" stoichiometry="1" constant="true"/>
        </listOfReactants>
        <listOfProducts>
          <speciesReference species="S17" stoichiometry="1" constant="true"/>
          <speciesReference species="S14" stoichiometry="1" constant="true"/>
        </listOfProducts>
        <kineticLaw>
          <math xmlns="http://www.w3.org/1998/Math/MathML">
            <apply>
              <times/>
              <ci> kc23 </ci>
              <ci> S6 </ci>
            </apply>
          </math>
        </kineticLaw>
      </reaction>
      <reaction id="J24" reversible="true">
        <listOfReactants>
          <speciesReference species="S0" stoichiometry="1" constant="true"/>
        </listOfReactants>
        <listOfProducts>
          <speciesReference species="S26" stoichiometry="1" constant="true"/>
        </listOfProducts>
        <kineticLaw>
          <math xmlns="http://www.w3.org/1998/Math/MathML">
            <apply>
              <times/>
              <ci> kc24 </ci>
              <ci> S0 </ci>
            </apply>
          </math>
        </kineticLaw>
      </reaction>
      <reaction id="J25" reversible="true">
        <listOfReactants>
          <speciesReference species="S2" stoichiometry="1" constant="true"/>
        </listOfReactants>
        <listOfProducts>
          <speciesReference species="S29" stoichiometry="1" constant="true"/>
        </listOfProducts>
        <kineticLaw>
          <math xmlns="http://www.w3.org/1998/Math/MathML">
            <apply>
              <times/>
              <ci> kc25 </ci>
              <ci> S2 </ci>
            </apply>
          </math>
        </kineticLaw>
      </reaction>
      <reaction id="J26" reversible="true">
        <listOfReactants>
          <speciesReference species="S14" stoichiometry="1" constant="true"/>
        </listOfReactants>
        <listOfProducts>
          <speciesReference species="S16" stoichiometry="1" constant="true"/>
        </listOfProducts>
        <kineticLaw>
          <math xmlns="http://www.w3.org/1998/Math/MathML">
            <apply>
              <times/>
              <ci> kc26 </ci>
              <ci> S14 </ci>
            </apply>
          </math>
        </kineticLaw>
      </reaction>
      <reaction id="J27" reversible="true">
        <listOfReactants>
          <speciesReference species="S28" stoichiometry="1" constant="true"/>
        </listOfReactants>
        <listOfProducts>
          <speciesReference species="S2" stoichiometry="1" constant="true"/>
        </listOfProducts>
        <kineticLaw>
          <math xmlns="http://www.w3.org/1998/Math/MathML">
            <apply>
              <times/>
              <ci> kc27 </ci>
              <ci> S28 </ci>
            </apply>
          </math>
        </kineticLaw>
      </reaction>
      <reaction id="J28" reversible="true">
        <listOfReactants>
          <speciesReference species="S29" stoichiometry="1" constant="true"/>
          <speciesReference species="S17" stoichiometry="1" constant="true"/>
        </listOfReactants>
        <listOfProducts>
          <speciesReference species="S3" stoichiometry="1" constant="true"/>
        </listOfProducts>
        <kineticLaw>
          <math xmlns="http://www.w3.org/1998/Math/MathML">
            <apply>
              <times/>
              <ci> kc28 </ci>
              <ci> S29 </ci>
              <ci> S17 </ci>
            </apply>
          </math>
        </kineticLaw>
      </reaction>
      <reaction id="J29" reversible="true">
        <listOfReactants>
          <speciesReference species="S8" stoichiometry="1" constant="true"/>
        </listOfReactants>
        <listOfProducts>
          <speciesReference species="S12" stoichiometry="1" constant="true"/>
        </listOfProducts>
        <kineticLaw>
          <math xmlns="http://www.w3.org/1998/Math/MathML">
            <apply>
              <times/>
              <ci> kc29 </ci>
              <ci> S8 </ci>
            </apply>
          </math>
        </kineticLaw>
      </reaction>
      <reaction id="J30" reversible="true">
        <listOfReactants>
          <speciesReference species="S3" stoichiometry="1" constant="true"/>
        </listOfReactants>
        <listOfProducts>
          <speciesReference species="S25" stoichiometry="1" constant="true"/>
        </listOfProducts>
        <kineticLaw>
          <math xmlns="http://www.w3.org/1998/Math/MathML">
            <apply>
              <times/>
              <ci> kc30 </ci>
              <ci> S3 </ci>
            </apply>
          </math>
        </kineticLaw>
      </reaction>
      <reaction id="J31" reversible="true">
        <listOfReactants>
          <speciesReference species="S25" stoichiometry="1" constant="true"/>
          <speciesReference species="S8" stoichiometry="1" constant="true"/>
        </listOfReactants>
        <listOfProducts>
          <speciesReference species="S14" stoichiometry="1" constant="true"/>
        </listOfProducts>
        <kineticLaw>
          <math xmlns="http://www.w3.org/1998/Math/MathML">
            <apply>
              <times/>
              <ci> kc31 </ci>
              <ci> S25 </ci>
              <ci> S8 </ci>
            </apply>
          </math>
        </kineticLaw>
      </reaction>
      <reaction id="J32" reversible="true">
        <listOfReactants>
          <speciesReference species="S0" stoichiometry="1" constant="true"/>
        </listOfReactants>
        <listOfProducts>
          <speciesReference species="S26" stoichiometry="1" constant="true"/>
          <speciesReference species="S5" stoichiometry="1" constant="true"/>
        </listOfProducts>
        <kineticLaw>
          <math xmlns="http://www.w3.org/1998/Math/MathML">
            <apply>
              <times/>
              <ci> kc32 </ci>
              <ci> S0 </ci>
            </apply>
          </math>
        </kineticLaw>
      </reaction>
      <reaction id="J33" reversible="true">
        <listOfReactants>
          <speciesReference species="S7" stoichiometry="1" constant="true"/>
        </listOfReactants>
        <listOfProducts>
          <speciesReference species="S14" stoichiometry="1" constant="true"/>
          <speciesReference species="S28" stoichiometry="1" constant="true"/>
        </listOfProducts>
        <kineticLaw>
          <math xmlns="http://www.w3.org/1998/Math/MathML">
            <apply>
              <times/>
              <ci> kc33 </ci>
              <ci> S7 </ci>
            </apply>
          </math>
        </kineticLaw>
      </reaction>
      <reaction id="J34" reversible="true">
        <listOfReactants>
          <speciesReference species="S21" stoichiometry="1" constant="true"/>
          <speciesReference species="S17" stoichiometry="1" constant="true"/>
        </listOfReactants>
        <listOfProducts>
          <speciesReference species="S28" stoichiometry="1" constant="true"/>
        </listOfProducts>
        <kineticLaw>
          <math xmlns="http://www.w3.org/1998/Math/MathML">
            <apply>
              <times/>
              <ci> kc34 </ci>
              <ci> S21 </ci>
              <ci> S17 </ci>
            </apply>
          </math>
        </kineticLaw>
      </reaction>
      <reaction id="J35" reversible="true">
        <listOfReactants>
          <speciesReference species="S7" stoichiometry="1" constant="true"/>
        </listOfReactants>
        <listOfProducts>
          <speciesReference species="S17" stoichiometry="1" constant="true"/>
          <speciesReference species="S29" stoichiometry="1" constant="true"/>
        </listOfProducts>
        <kineticLaw>
          <math xmlns="http://www.w3.org/1998/Math/MathML">
            <apply>
              <times/>
              <ci> kc35 </ci>
              <ci> S7 </ci>
            </apply>
          </math>
        </kineticLaw>
      </reaction>
      <reaction id="J36" reversible="true">
        <listOfReactants>
          <speciesReference species="S23" stoichiometry="1" constant="true"/>
        </listOfReactants>
        <listOfProducts>
          <speciesReference species="S20" stoichiometry="1" constant="true"/>
          <speciesReference species="S3" stoichiometry="1" constant="true"/>
        </listOfProducts>
        <kineticLaw>
          <math xmlns="http://www.w3.org/1998/Math/MathML">
            <apply>
              <times/>
              <ci> kc36 </ci>
              <ci> S23 </ci>
            </apply>
          </math>
        </kineticLaw>
      </reaction>
      <reaction id="J37" reversible="true">
        <listOfReactants>
          <speciesReference species="S14" stoichiometry="1" constant="true"/>
          <speciesReference species="S11" stoichiometry="1" constant="true"/>
        </listOfReactants>
        <listOfProducts>
          <speciesReference species="S28" stoichiometry="1" constant="true"/>
        </listOfProducts>
        <kineticLaw>
          <math xmlns="http://www.w3.org/1998/Math/MathML">
            <apply>
              <times/>
              <ci> kc37 </ci>
              <ci> S14 </ci>
              <ci> S11 </ci>
            </apply>
          </math>
        </kineticLaw>
      </reaction>
      <reaction id="J38" reversible="true">
        <listOfReactants>
          <speciesReference species="S25" stoichiometry="1" constant="true"/>
        </listOfReactants>
        <listOfProducts>
          <speciesReference species="S4" stoichiometry="1" constant="true"/>
        </listOfProducts>
        <kineticLaw>
          <math xmlns="http://www.w3.org/1998/Math/MathML">
            <apply>
              <times/>
              <ci> kc38 </ci>
              <ci> S25 </ci>
            </apply>
          </math>
        </kineticLaw>
      </reaction>
      <reaction id="J39" reversible="true">
        <listOfReactants>
          <speciesReference species="S18" stoichiometry="1" constant="true"/>
          <speciesReference species="S7" stoichiometry="1" constant="true"/>
        </listOfReactants>
        <listOfProducts>
          <speciesReference species="S13" stoichiometry="1" constant="true"/>
        </listOfProducts>
        <kineticLaw>
          <math xmlns="http://www.w3.org/1998/Math/MathML">
            <apply>
              <times/>
              <ci> kc39 </ci>
              <ci> S18 </ci>
              <ci> S7 </ci>
            </apply>
          </math>
        </kineticLaw>
      </reaction>
      <reaction id="J40" reversible="true">
        <listOfReactants>
          <speciesReference species="S6" stoichiometry="1" constant="true"/>
        </listOfReactants>
        <listOfProducts>
          <speciesReference species="S2" stoichiometry="1" constant="true"/>
        </listOfProducts>
        <kineticLaw>
          <math xmlns="http://www.w3.org/1998/Math/MathML">
            <apply>
              <times/>
              <ci> kc40 </ci>
              <ci> S6 </ci>
            </apply>
          </math>
        </kineticLaw>
      </reaction>
      <reaction id="J41" reversible="true">
        <listOfReactants>
          <speciesReference species="S3" stoichiometry="1" constant="true"/>
        </listOfReactants>
        <listOfProducts>
          <speciesReference species="S16" stoichiometry="1" constant="true"/>
          <speciesReference species="S5" stoichiometry="1" constant="true"/>
        </listOfProducts>
        <kineticLaw>
          <math xmlns="http://www.w3.org/1998/Math/MathML">
            <apply>
              <times/>
              <ci> kc41 </ci>
              <ci> S3 </ci>
            </apply>
          </math>
        </kineticLaw>
      </reaction>
      <reaction id="J42" reversible="true">
        <listOfReactants>
          <speciesReference species="S25" stoichiometry="1" constant="true"/>
        </listOfReactants>
        <listOfProducts>
          <speciesReference species="S4" stoichiometry="1" constant="true"/>
          <speciesReference species="S25" stoichiometry="1" constant="true"/>
        </listOfProducts>
        <kineticLaw>
          <math xmlns="http://www.w3.org/1998/Math/MathML">
            <apply>
              <times/>
              <ci> kc42 </ci>
              <ci> S25 </ci>
            </apply>
          </math>
        </kineticLaw>
      </reaction>
      <reaction id="J43" reversible="true">
        <listOfReactants>
          <speciesReference species="S6" stoichiometry="1" constant="true"/>
        </listOfReactants>
        <listOfProducts>
          <speciesReference species="S29" stoichiometry="1" constant="true"/>
        </listOfProducts>
        <kineticLaw>
          <math xmlns="http://www.w3.org/1998/Math/MathML">
            <apply>
              <times/>
              <ci> kc43 </ci>
              <ci> S6 </ci>
            </apply>
          </math>
        </kineticLaw>
      </reaction>
      <reaction id="J44" reversible="true">
        <listOfReactants>
          <speciesReference species="S13" stoichiometry="1" constant="true"/>
        </listOfReactants>
        <listOfProducts>
          <speciesReference species="S8" stoichiometry="1" constant="true"/>
        </listOfProducts>
        <kineticLaw>
          <math xmlns="http://www.w3.org/1998/Math/MathML">
            <apply>
              <times/>
              <ci> kc44 </ci>
              <ci> S13 </ci>
            </apply>
          </math>
        </kineticLaw>
      </reaction>
      <reaction id="J45" reversible="true">
        <listOfReactants>
          <speciesReference species="S13" stoichiometry="1" constant="true"/>
        </listOfReactants>
        <listOfProducts>
          <speciesReference species="S16" stoichiometry="1" constant="true"/>
        </listOfProducts>
        <kineticLaw>
          <math xmlns="http://www.w3.org/1998/Math/MathML">
            <apply>
              <times/>
              <ci> kc45 </ci>
              <ci> S13 </ci>
            </apply>
          </math>
        </kineticLaw>
      </reaction>
      <reaction id="J46" reversible="true">
        <listOfReactants>
          <speciesReference species="S5" stoichiometry="1" constant="true"/>
        </listOfReactants>
        <listOfProducts>
          <speciesReference species="S23" stoichiometry="1" constant="true"/>
        </listOfProducts>
        <kineticLaw>
          <math xmlns="http://www.w3.org/1998/Math/MathML">
            <apply>
              <times/>
              <ci> kc46 </ci>
              <ci> S5 </ci>
            </apply>
          </math>
        </kineticLaw>
      </reaction>
      <reaction id="J47" reversible="true">
        <listOfReactants>
          <speciesReference species="S15" stoichiometry="1" constant="true"/>
          <speciesReference species="S19" stoichiometry="1" constant="true"/>
        </listOfReactants>
        <listOfProducts>
          <speciesReference species="S0" stoichiometry="1" constant="true"/>
        </listOfProducts>
        <kineticLaw>
          <math xmlns="http://www.w3.org/1998/Math/MathML">
            <apply>
              <times/>
              <ci> kc47 </ci>
              <ci> S15 </ci>
              <ci> S19 </ci>
            </apply>
          </math>
        </kineticLaw>
      </reaction>
      <reaction id="J48" reversible="true">
        <listOfReactants>
          <speciesReference species="S27" stoichiometry="1" constant="true"/>
          <speciesReference species="S25" stoichiometry="1" constant="true"/>
        </listOfReactants>
        <listOfProducts>
          <speciesReference species="S19" stoichiometry="1" constant="true"/>
          <speciesReference species="S6" stoichiometry="1" constant="true"/>
        </listOfProducts>
        <kineticLaw>
          <math xmlns="http://www.w3.org/1998/Math/MathML">
            <apply>
              <times/>
              <ci> kc48 </ci>
              <ci> S27 </ci>
              <ci> S25 </ci>
            </apply>
          </math>
        </kineticLaw>
      </reaction>
      <reaction id="J49" reversible="true">
        <listOfReactants>
          <speciesReference species="S26" stoichiometry="1" constant="true"/>
          <speciesReference species="S26" stoichiometry="1" constant="true"/>
        </listOfReactants>
        <listOfProducts>
          <speciesReference species="S16" stoichiometry="1" constant="true"/>
        </listOfProducts>
        <kineticLaw>
          <math xmlns="http://www.w3.org/1998/Math/MathML">
            <apply>
              <times/>
              <ci> kc49 </ci>
              <ci> S26 </ci>
              <ci> S26 </ci>
            </apply>
          </math>
        </kineticLaw>
      </reaction>
      <reaction id="J50" reversible="true">
        <listOfReactants>
          <speciesReference species="S11" stoichiometry="1" constant="true"/>
        </listOfReactants>
        <listOfProducts>
          <speciesReference species="S9" stoichiometry="1" constant="true"/>
        </listOfProducts>
        <kineticLaw>
          <math xmlns="http://www.w3.org/1998/Math/MathML">
            <apply>
              <times/>
              <ci> kc50 </ci>
              <ci> S11 </ci>
            </apply>
          </math>
        </kineticLaw>
      </reaction>
      <reaction id="J51" reversible="true">
        <listOfReactants>
          <speciesReference species="S11" stoichiometry="1" constant="true"/>
        </listOfReactants>
        <listOfProducts>
          <speciesReference species="S2" stoichiometry="1" constant="true"/>
        </listOfProducts>
        <kineticLaw>
          <math xmlns="http://www.w3.org/1998/Math/MathML">
            <apply>
              <times/>
              <ci> kc51 </ci>
              <ci> S11 </ci>
            </apply>
          </math>
        </kineticLaw>
      </reaction>
      <reaction id="J52" reversible="true">
        <listOfReactants>
          <speciesReference species="S28" stoichiometry="1" constant="true"/>
          <speciesReference species="S12" stoichiometry="1" constant="true"/>
        </listOfReactants>
        <listOfProducts>
          <speciesReference species="S0" stoichiometry="1" constant="true"/>
        </listOfProducts>
        <kineticLaw>
          <math xmlns="http://www.w3.org/1998/Math/MathML">
            <apply>
              <times/>
              <ci> kc52 </ci>
              <ci> S28 </ci>
              <ci> S12 </ci>
            </apply>
          </math>
        </kineticLaw>
      </reaction>
      <reaction id="J53" reversible="true">
        <listOfReactants>
          <speciesReference species="S11" stoichiometry="1" constant="true"/>
        </listOfReactants>
        <listOfProducts>
          <speciesReference species="S9" stoichiometry="1" constant="true"/>
          <speciesReference species="S27" stoichiometry="1" constant="true"/>
        </listOfProducts>
        <kineticLaw>
          <math xmlns="http://www.w3.org/1998/Math/MathML">
            <apply>
              <times/>
              <ci> kc53 </ci>
              <ci> S11 </ci>
            </apply>
          </math>
        </kineticLaw>
      </reaction>
      <reaction id="J54" reversible="true">
        <listOfReactants>
          <speciesReference species="S6" stoichiometry="1" constant="true"/>
        </listOfReactants>
        <listOfProducts>
          <speciesReference species="S3" stoichiometry="1" constant="true"/>
          <speciesReference species="S2" stoichiometry="1" constant="true"/>
        </listOfProducts>
        <kineticLaw>
          <math xmlns="http://www.w3.org/1998/Math/MathML">
            <apply>
              <times/>
              <ci> kc54 </ci>
              <ci> S6 </ci>
            </apply>
          </math>
        </kineticLaw>
      </reaction>
      <reaction id="J55" reversible="true">
        <listOfReactants>
          <speciesReference species="S25" stoichiometry="1" constant="true"/>
        </listOfReactants>
        <listOfProducts>
          <speciesReference species="S25" stoichiometry="1" constant="true"/>
          <speciesReference species="S17" stoichiometry="1" constant="true"/>
        </listOfProducts>
        <kineticLaw>
          <math xmlns="http://www.w3.org/1998/Math/MathML">
            <apply>
              <times/>
              <ci> kc55 </ci>
              <ci> S25 </ci>
            </apply>
          </math>
        </kineticLaw>
      </reaction>
      <reaction id="J56" reversible="true">
        <listOfReactants>
          <speciesReference species="S25" stoichiometry="1" constant="true"/>
        </listOfReactants>
        <listOfProducts>
          <speciesReference species="S23" stoichiometry="1" constant="true"/>
        </listOfProducts>
        <kineticLaw>
          <math xmlns="http://www.w3.org/1998/Math/MathML">
            <apply>
              <times/>
              <ci> kc56 </ci>
              <ci> S25 </ci>
            </apply>
          </math>
        </kineticLaw>
      </reaction>
      <reaction id="J57" reversible="true">
        <listOfReactants>
          <speciesReference species="S3" stoichiometry="1" constant="true"/>
        </listOfReactants>
        <listOfProducts>
          <speciesReference species="S1" stoichiometry="1" constant="true"/>
          <speciesReference species="S10" stoichiometry="1" constant="true"/>
        </listOfProducts>
        <kineticLaw>
          <math xmlns="http://www.w3.org/1998/Math/MathML">
            <apply>
              <times/>
              <ci> kc57 </ci>
              <ci> S3 </ci>
            </apply>
          </math>
        </kineticLaw>
      </reaction>
      <reaction id="J58" reversible="true">
        <listOfReactants>
          <speciesReference species="S13" stoichiometry="1" constant="true"/>
          <speciesReference species="S15" stoichiometry="1" constant="true"/>
        </listOfReactants>
        <listOfProducts>
          <speciesReference species="S24" stoichiometry="1" constant="true"/>
        </listOfProducts>
        <kineticLaw>
          <math xmlns="http://www.w3.org/1998/Math/MathML">
            <apply>
              <times/>
              <ci> kc58 </ci>
              <ci> S13 </ci>
              <ci> S15 </ci>
            </apply>
          </math>
        </kineticLaw>
      </reaction>
    </listOfReactions>
  </model>
</sbml>
