<?xml version="1.0" encoding="UTF-8"?>
<!-- Created by libAntimony version v2.15.0 with libSBML version 5.20.2. -->
<sbml xmlns="http://www.sbml.org/sbml/level3/version2/core" level="3" version="2">
  <model metaid="__main" id="__main">
    <listOfCompartments>
      <compartment sboTerm="SBO:0000410" id="default_compartment" spatialDimensions="3" size="1" constant="true"/>
    </listOfCompartments>
    <listOfSpecies>
      <species id="S0" compartment="default_compartment" initialConcentration="8.62505217969485" hasOnlySubstanceUnits="false" boundaryCondition="false" constant="false"/>
      <species id="S2" compartment="default_compartment" initialConcentration="8.40947210022192" hasOnlySubstanceUnits="false" boundaryCondition="false" constant="false"/>
      <species id="S3" compartment="default_compartment" initialConcentration="0.0893970841260749" hasOnlySubstanceUnits="false" boundaryCondition="false" constant="false"/>
      <species id="S5" compartment="default_compartment" initialConcentration="2.85697126286639" hasOnlySubstanceUnits="false" boundaryCondition="false" constant="false"/>
      <species id="S6" compartment="default_compartment" initialConcentration="6.13845798529568" hasOnlySubstanceUnits="false" boundaryCondition="false" constant="false"/>
      <species id="S7" compartment="default_compartment" initialConcentration="8.78406893972363" hasOnlySubstanceUnits="false" boundaryCondition="false" constant="false"/>
      <species id="S8" compartment="default_compartment" initialConcentration="5.25687191467129" hasOnlySubstanceUnits="false" boundaryCondition="false" constant="false"/>
      <species id="S10" compartment="default_compartment" initialConcentration="1.67279700714816" hasOnlySubstanceUnits="false" boundaryCondition="false" constant="false"/>
      <species id="S11" compartment="default_compartment" initialConcentration="1.0272124612028" hasOnlySubstanceUnits="false" boundaryCondition="false" constant="false"/>
      <species id="S12" compartment="default_compartment" initialConcentration="2.41057376145868" hasOnlySubstanceUnits="false" boundaryCondition="false" constant="false"/>
      <species id="S13" compartment="default_compartment" initialConcentration="5.9248579488905" hasOnlySubstanceUnits="false" boundaryCondition="false" constant="false"/>
      <species id="S14" compartment="default_compartment" initialConcentration="6.14994818522859" hasOnlySubstanceUnits="false" boundaryCondition="false" constant="false"/>
      <species id="S15" compartment="default_compartment" initialConcentration="9.41285602006332" hasOnlySubstanceUnits="false" boundaryCondition="false" constant="false"/>
      <species id="S16" compartment="default_compartment" initialConcentration="8.14651621630126" hasOnlySubstanceUnits="false" boundaryCondition="false" constant="false"/>
      <species id="S17" compartment="default_compartment" initialConcentration="4.48460484802252" hasOnlySubstanceUnits="false" boundaryCondition="false" constant="false"/>
      <species id="S18" compartment="default_compartment" initialConcentration="9.80187543242064" hasOnlySubstanceUnits="false" boundaryCondition="false" constant="false"/>
      <species id="S19" compartment="default_compartment" initialConcentration="3.35398879720919" hasOnlySubstanceUnits="false" boundaryCondition="false" constant="false"/>
      <species id="S20" compartment="default_compartment" initialConcentration="5.70501739929974" hasOnlySubstanceUnits="false" boundaryCondition="false" constant="false"/>
      <species id="S21" compartment="default_compartment" initialConcentration="1.22149854285103" hasOnlySubstanceUnits="false" boundaryCondition="false" constant="false"/>
      <species id="S22" compartment="default_compartment" initialConcentration="8.09500601540638" hasOnlySubstanceUnits="false" boundaryCondition="false" constant="false"/>
      <species id="S23" compartment="default_compartment" initialConcentration="4.42888806183057" hasOnlySubstanceUnits="false" boundaryCondition="false" constant="false"/>
      <species id="S24" compartment="default_compartment" initialConcentration="9.01807779342439" hasOnlySubstanceUnits="false" boundaryCondition="false" constant="false"/>
      <species id="S26" compartment="default_compartment" initialConcentration="3.51142531590501" hasOnlySubstanceUnits="false" boundaryCondition="false" constant="false"/>
      <species id="S29" compartment="default_compartment" initialConcentration="7.24312306416433" hasOnlySubstanceUnits="false" boundaryCondition="false" constant="false"/>
      <species id="S1" compartment="default_compartment" initialConcentration="0.609059581981353" hasOnlySubstanceUnits="false" boundaryCondition="true" constant="false"/>
      <species id="S4" compartment="default_compartment" initialConcentration="8.59625399358956" hasOnlySubstanceUnits="false" boundaryCondition="true" constant="false"/>
      <species id="S9" compartment="default_compartment" initialConcentration="2.00374291739503" hasOnlySubstanceUnits="false" boundaryCondition="true" constant="false"/>
      <species id="S25" compartment="default_compartment" initialConcentration="6.54113764732133" hasOnlySubstanceUnits="false" boundaryCondition="true" constant="false"/>
      <species id="S28" compartment="default_compartment" initialConcentration="3.86717636800148" hasOnlySubstanceUnits="false" boundaryCondition="true" constant="false"/>
      <species id="S27" compartment="default_compartment" initialConcentration="6.83218077381671" hasOnlySubstanceUnits="false" boundaryCondition="true" constant="false"/>
    </listOfSpecies>
    <listOfParameters>
      <parameter id="kc0" value="0.0131635520858825" constant="true"/>
      <parameter id="kc1" value="0.742834363827759" constant="true"/>
      <parameter id="kc2" value="0.208241077610817" constant="true"/>
      <parameter id="kc3" value="0.133157419904828" constant="true"/>
      <parameter id="kc4" value="0.350506967571543" constant="true"/>
      <parameter id="kc5" value="0.638155323672286" constant="true"/>
      <parameter id="kc6" value="0.0188176456593669" constant="true"/>
      <parameter id="kc7" value="0.0574950401790811" constant="true"/>
      <parameter id="kc8" value="0.027859072155879" constant="true"/>
      <parameter id="kc9" value="0.0401765908053036" constant="true"/>
      <parameter id="kc10" value="0.0136471156571823" constant="true"/>
      <parameter id="kc11" value="0.879993640070341" constant="true"/>
      <parameter id="kc12" value="0.0137362884078359" constant="true"/>
      <parameter id="kc13" value="0.0269346844614005" constant="true"/>
      <parameter id="kc14" value="0.0437692185802271" constant="true"/>
      <parameter id="kc15" value="0.0109143653810866" constant="true"/>
      <parameter id="kc16" value="0.014176149265842" constant="true"/>
      <parameter id="kc17" value="0.194188874676675" constant="true"/>
      <parameter id="kc18" value="0.76666211772607" constant="true"/>
      <parameter id="kc19" value="0.453281219511993" constant="true"/>
      <parameter id="kc20" value="0.165405419868176" constant="true"/>
      <parameter id="kc21" value="0.180499533550221" constant="true"/>
      <parameter id="kc22" value="0.515842462385084" constant="true"/>
      <parameter id="kc23" value="0.134385807166751" constant="true"/>
      <parameter id="kc24" value="0.0574076259343092" constant="true"/>
      <parameter id="kc25" value="0.178029965003003" constant="true"/>
      <parameter id="kc26" value="0.0555768550004249" constant="true"/>
      <parameter id="kc27" value="0.0136955673298139" constant="true"/>
      <parameter id="kc28" value="0.0422960915559543" constant="true"/>
      <parameter id="kc29" value="0.0145092921505123" constant="true"/>
      <parameter id="kc30" value="0.0653669727383204" constant="true"/>
      <parameter id="kc31" value="0.184647672910769" constant="true"/>
      <parameter id="kc32" value="0.271203132708633" constant="true"/>
      <parameter id="kc33" value="0.0120384081725637" constant="true"/>
      <parameter id="kc34" value="0.254198819533536" constant="true"/>
      <parameter id="kc35" value="0.123670665553064" constant="true"/>
      <parameter id="kc36" value="0.707086537841007" constant="true"/>
      <parameter id="kc37" value="0.0873888368755402" constant="true"/>
      <parameter id="kc38" value="0.0883954468007597" constant="true"/>
      <parameter id="kc39" value="0.07406603430727" constant="true"/>
      <parameter id="kc40" value="0.311787028085485" constant="true"/>
      <parameter id="kc41" value="0.0356611305844291" constant="true"/>
      <parameter id="kc42" value="0.109701105938194" constant="true"/>
      <parameter id="kc43" value="0.125163183456467" constant="true"/>
      <parameter id="kc44" value="0.0657012681632615" constant="true"/>
      <parameter id="kc45" value="0.0123057126220889" constant="true"/>
      <parameter id="kc46" value="0.286092765573062" constant="true"/>
      <parameter id="kc47" value="0.0629107507538406" constant="true"/>
      <parameter id="kc48" value="0.0167861359637489" constant="true"/>
      <parameter id="kc49" value="0.216776967146134" constant="true"/>
      <parameter id="kc50" value="0.343111964302396" constant="true"/>
      <parameter id="kc51" value="0.571700833016254" constant="true"/>
      <parameter id="kc52" value="0.0255845633429594" constant="true"/>
      <parameter id="kc53" value="0.0160385926793825" constant="true"/>
      <parameter id="kc54" value="0.0235044607656861" constant="true"/>
      <parameter id="kc55" value="0.0124154500044602" constant="true"/>
      <parameter id="kc56" value="0.026676040966475" constant="true"/>
    </listOfParameters>
    <listOfReactions>
      <reaction id="J0" reversible="true">
        <listOfReactants>
          <speciesReference species="S24" stoichiometry="1" constant="true"/>
        </listOfReactants>
        <listOfProducts>
          <speciesReference species="S17" stoichiometry="1" constant="true"/>
        </listOfProducts>
        <kineticLaw>
          <math xmlns="http://www.w3.org/1998/Math/MathML">
            <apply>
              <times/>
              <ci> kc0 </ci>
              <ci> S24 </ci>
            </apply>
          </math>
        </kineticLaw>
      </reaction>
      <reaction id="J1" reversible="true">
        <listOfReactants>
          <speciesReference species="S11" stoichiometry="1" constant="true"/>
        </listOfReactants>
        <listOfProducts>
          <speciesReference species="S13" stoichiometry="1" constant="true"/>
          <speciesReference species="S24" stoichiometry="1" constant="true"/>
        </listOfProducts>
        <kineticLaw>
          <math xmlns="http://www.w3.org/1998/Math/MathML">
            <apply>
              <times/>
              <ci> kc1 </ci>
              <ci> S11 </ci>
            </apply>
          </math>
        </kineticLaw>
      </reaction>
      <reaction id="J2" reversible="true">
        <listOfReactants>
          <speciesReference species="S23" stoichiometry="1" constant="true"/>
        </listOfReactants>
        <listOfProducts>
          <speciesReference species="S16" stoichiometry="1" constant="true"/>
        </listOfProducts>
        <kineticLaw>
          <math xmlns="http://www.w3.org/1998/Math/MathML">
            <apply>
              <times/>
              <ci> kc2 </ci>
              <ci> S23 </ci>
            </apply>
          </math>
        </kineticLaw>
      </reaction>
      <reaction id="J3" reversible="true">
        <listOfReactants>
          <speciesReference species="S19" stoichiometry="1" constant="true"/>
          <speciesReference species="S19" stoichiometry="1" constant="true"/>
        </listOfReactants>
        <listOfProducts>
          <speciesReference species="S7" stoichiometry="1" constant="true"/>
          <speciesReference species="S20" stoichiometry="1" constant="true"/>
        </listOfProducts>
        <kineticLaw>
          <math xmlns="http://www.w3.org/1998/Math/MathML">
            <apply>
              <times/>
              <ci> kc3 </ci>
              <ci> S19 </ci>
              <ci> S19 </ci>
            </apply>
          </math>
        </kineticLaw>
      </reaction>
      <reaction id="J4" reversible="true">
        <listOfReactants>
          <speciesReference species="S12" stoichiometry="1" constant="true"/>
        </listOfReactants>
        <listOfProducts>
          <speciesReference species="S14" stoichiometry="1" constant="true"/>
        </listOfProducts>
        <kineticLaw>
          <math xmlns="http://www.w3.org/1998/Math/MathML">
            <apply>
              <times/>
              <ci> kc4 </ci>
              <ci> S12 </ci>
            </apply>
          </math>
        </kineticLaw>
      </reaction>
      <reaction id="J5" reversible="true">
        <listOfReactants>
          <speciesReference species="S16" stoichiometry="1" constant="true"/>
          <speciesReference species="S21" stoichiometry="1" constant="true"/>
        </listOfReactants>
        <listOfProducts>
          <speciesReference species="S29" stoichiometry="1" constant="true"/>
        </listOfProducts>
        <kineticLaw>
          <math xmlns="http://www.w3.org/1998/Math/MathML">
            <apply>
              <times/>
              <ci> kc5 </ci>
              <ci> S16 </ci>
              <ci> S21 </ci>
            </apply>
          </math>
        </kineticLaw>
      </reaction>
      <reaction id="J6" reversible="true">
        <listOfReactants>
          <speciesReference species="S19" stoichiometry="1" constant="true"/>
          <speciesReference species="S7" stoichiometry="1" constant="true"/>
        </listOfReactants>
        <listOfProducts>
          <speciesReference species="S3" stoichiometry="1" constant="true"/>
          <speciesReference species="S18" stoichiometry="1" constant="true"/>
        </listOfProducts>
        <kineticLaw>
          <math xmlns="http://www.w3.org/1998/Math/MathML">
            <apply>
              <times/>
              <ci> kc6 </ci>
              <ci> S19 </ci>
              <ci> S7 </ci>
            </apply>
          </math>
        </kineticLaw>
      </reaction>
      <reaction id="J7" reversible="true">
        <listOfReactants>
          <speciesReference species="S11" stoichiometry="1" constant="true"/>
        </listOfReactants>
        <listOfProducts>
          <speciesReference species="S20" stoichiometry="1" constant="true"/>
          <speciesReference species="S11" stoichiometry="1" constant="true"/>
        </listOfProducts>
        <kineticLaw>
          <math xmlns="http://www.w3.org/1998/Math/MathML">
            <apply>
              <times/>
              <ci> kc7 </ci>
              <ci> S11 </ci>
            </apply>
          </math>
        </kineticLaw>
      </reaction>
      <reaction id="J8" reversible="true">
        <listOfReactants>
          <speciesReference species="S20" stoichiometry="1" constant="true"/>
        </listOfReactants>
        <listOfProducts>
          <speciesReference species="S3" stoichiometry="1" constant="true"/>
        </listOfProducts>
        <kineticLaw>
          <math xmlns="http://www.w3.org/1998/Math/MathML">
            <apply>
              <times/>
              <ci> kc8 </ci>
              <ci> S20 </ci>
            </apply>
          </math>
        </kineticLaw>
      </reaction>
      <reaction id="J9" reversible="true">
        <listOfReactants>
          <speciesReference species="S5" stoichiometry="1" constant="true"/>
        </listOfReactants>
        <listOfProducts>
          <speciesReference species="S20" stoichiometry="1" constant="true"/>
          <speciesReference species="S0" stoichiometry="1" constant="true"/>
        </listOfProducts>
        <kineticLaw>
          <math xmlns="http://www.w3.org/1998/Math/MathML">
            <apply>
              <times/>
              <ci> kc9 </ci>
              <ci> S5 </ci>
            </apply>
          </math>
        </kineticLaw>
      </reaction>
      <reaction id="J10" reversible="true">
        <listOfReactants>
          <speciesReference species="S13" stoichiometry="1" constant="true"/>
        </listOfReactants>
        <listOfProducts>
          <speciesReference species="S9" stoichiometry="1" constant="true"/>
          <speciesReference species="S7" stoichiometry="1" constant="true"/>
        </listOfProducts>
        <kineticLaw>
          <math xmlns="http://www.w3.org/1998/Math/MathML">
            <apply>
              <times/>
              <ci> kc10 </ci>
              <ci> S13 </ci>
            </apply>
          </math>
        </kineticLaw>
      </reaction>
      <reaction id="J11" reversible="true">
        <listOfReactants>
          <speciesReference species="S28" stoichiometry="1" constant="true"/>
        </listOfReactants>
        <listOfProducts>
          <speciesReference species="S20" stoichiometry="1" constant="true"/>
        </listOfProducts>
        <kineticLaw>
          <math xmlns="http://www.w3.org/1998/Math/MathML">
            <apply>
              <times/>
              <ci> kc11 </ci>
              <ci> S28 </ci>
            </apply>
          </math>
        </kineticLaw>
      </reaction>
      <reaction id="J12" reversible="true">
        <listOfReactants>
          <speciesReference species="S25" stoichiometry="1" constant="true"/>
          <speciesReference species="S7" stoichiometry="1" constant="true"/>
        </listOfReactants>
        <listOfProducts>
          <speciesReference species="S29" stoichiometry="1" constant="true"/>
        </listOfProducts>
        <kineticLaw>
          <math xmlns="http://www.w3.org/1998/Math/MathML">
            <apply>
              <times/>
              <ci> kc12 </ci>
              <ci> S25 </ci>
              <ci> S7 </ci>
            </apply>
          </math>
        </kineticLaw>
      </reaction>
      <reaction id="J13" reversible="true">
        <listOfReactants>
          <speciesReference species="S23" stoichiometry="1" constant="true"/>
        </listOfReactants>
        <listOfProducts>
          <speciesReference species="S21" stoichiometry="1" constant="true"/>
        </listOfProducts>
        <kineticLaw>
          <math xmlns="http://www.w3.org/1998/Math/MathML">
            <apply>
              <times/>
              <ci> kc13 </ci>
              <ci> S23 </ci>
            </apply>
          </math>
        </kineticLaw>
      </reaction>
      <reaction id="J14" reversible="true">
        <listOfReactants>
          <speciesReference species="S25" stoichiometry="1" constant="true"/>
        </listOfReactants>
        <listOfProducts>
          <speciesReference species="S13" stoichiometry="1" constant="true"/>
        </listOfProducts>
        <kineticLaw>
          <math xmlns="http://www.w3.org/1998/Math/MathML">
            <apply>
              <times/>
              <ci> kc14 </ci>
              <ci> S25 </ci>
            </apply>
          </math>
        </kineticLaw>
      </reaction>
      <reaction id="J15" reversible="true">
        <listOfReactants>
          <speciesReference species="S26" stoichiometry="1" constant="true"/>
        </listOfReactants>
        <listOfProducts>
          <speciesReference species="S12" stoichiometry="1" constant="true"/>
        </listOfProducts>
        <kineticLaw>
          <math xmlns="http://www.w3.org/1998/Math/MathML">
            <apply>
              <times/>
              <ci> kc15 </ci>
              <ci> S26 </ci>
            </apply>
          </math>
        </kineticLaw>
      </reaction>
      <reaction id="J16" reversible="true">
        <listOfReactants>
          <speciesReference species="S12" stoichiometry="1" constant="true"/>
        </listOfReactants>
        <listOfProducts>
          <speciesReference species="S18" stoichiometry="1" constant="true"/>
        </listOfProducts>
        <kineticLaw>
          <math xmlns="http://www.w3.org/1998/Math/MathML">
            <apply>
              <times/>
              <ci> kc16 </ci>
              <ci> S12 </ci>
            </apply>
          </math>
        </kineticLaw>
      </reaction>
      <reaction id="J17" reversible="true">
        <listOfReactants>
          <speciesReference species="S1" stoichiometry="1" constant="true"/>
        </listOfReactants>
        <listOfProducts>
          <speciesReference species="S4" stoichiometry="1" constant="true"/>
          <speciesReference species="S7" stoichiometry="1" constant="true"/>
        </listOfProducts>
        <kineticLaw>
          <math xmlns="http://www.w3.org/1998/Math/MathML">
            <apply>
              <times/>
              <ci> kc17 </ci>
              <ci> S1 </ci>
            </apply>
          </math>
        </kineticLaw>
      </reaction>
      <reaction id="J18" reversible="true">
        <listOfReactants>
          <speciesReference species="S2" stoichiometry="1" constant="true"/>
        </listOfReactants>
        <listOfProducts>
          <speciesReference species="S12" stoichiometry="1" constant="true"/>
        </listOfProducts>
        <kineticLaw>
          <math xmlns="http://www.w3.org/1998/Math/MathML">
            <apply>
              <times/>
              <ci> kc18 </ci>
              <ci> S2 </ci>
            </apply>
          </math>
        </kineticLaw>
      </reaction>
      <reaction id="J19" reversible="true">
        <listOfReactants>
          <speciesReference species="S11" stoichiometry="1" constant="true"/>
        </listOfReactants>
        <listOfProducts>
          <speciesReference species="S6" stoichiometry="1" constant="true"/>
        </listOfProducts>
        <kineticLaw>
          <math xmlns="http://www.w3.org/1998/Math/MathML">
            <apply>
              <times/>
              <ci> kc19 </ci>
              <ci> S11 </ci>
            </apply>
          </math>
        </kineticLaw>
      </reaction>
      <reaction id="J20" reversible="true">
        <listOfReactants>
          <speciesReference species="S14" stoichiometry="1" constant="true"/>
          <speciesReference species="S22" stoichiometry="1" constant="true"/>
        </listOfReactants>
        <listOfProducts>
          <speciesReference species="S3" stoichiometry="1" constant="true"/>
        </listOfProducts>
        <kineticLaw>
          <math xmlns="http://www.w3.org/1998/Math/MathML">
            <apply>
              <times/>
              <ci> kc20 </ci>
              <ci> S14 </ci>
              <ci> S22 </ci>
            </apply>
          </math>
        </kineticLaw>
      </reaction>
      <reaction id="J21" reversible="true">
        <listOfReactants>
          <speciesReference species="S25" stoichiometry="1" constant="true"/>
        </listOfReactants>
        <listOfProducts>
          <speciesReference species="S26" stoichiometry="1" constant="true"/>
        </listOfProducts>
        <kineticLaw>
          <math xmlns="http://www.w3.org/1998/Math/MathML">
            <apply>
              <times/>
              <ci> kc21 </ci>
              <ci> S25 </ci>
            </apply>
          </math>
        </kineticLaw>
      </reaction>
      <reaction id="J22" reversible="true">
        <listOfReactants>
          <speciesReference species="S6" stoichiometry="1" constant="true"/>
        </listOfReactants>
        <listOfProducts>
          <speciesReference species="S23" stoichiometry="1" constant="true"/>
        </listOfProducts>
        <kineticLaw>
          <math xmlns="http://www.w3.org/1998/Math/MathML">
            <apply>
              <times/>
              <ci> kc22 </ci>
              <ci> S6 </ci>
            </apply>
          </math>
        </kineticLaw>
      </reaction>
      <reaction id="J23" reversible="true">
        <listOfReactants>
          <speciesReference species="S8" stoichiometry="1" constant="true"/>
        </listOfReactants>
        <listOfProducts>
          <speciesReference species="S22" stoichiometry="1" constant="true"/>
          <speciesReference species="S18" stoichiometry="1" constant="true"/>
        </listOfProducts>
        <kineticLaw>
          <math xmlns="http://www.w3.org/1998/Math/MathML">
            <apply>
              <times/>
              <ci> kc23 </ci>
              <ci> S8 </ci>
            </apply>
          </math>
        </kineticLaw>
      </reaction>
      <reaction id="J24" reversible="true">
        <listOfReactants>
          <speciesReference species="S20" stoichiometry="1" constant="true"/>
          <speciesReference species="S20" stoichiometry="1" constant="true"/>
        </listOfReactants>
        <listOfProducts>
          <speciesReference species="S15" stoichiometry="1" constant="true"/>
        </listOfProducts>
        <kineticLaw>
          <math xmlns="http://www.w3.org/1998/Math/MathML">
            <apply>
              <times/>
              <ci> kc24 </ci>
              <ci> S20 </ci>
              <ci> S20 </ci>
            </apply>
          </math>
        </kineticLaw>
      </reaction>
      <reaction id="J25" reversible="true">
        <listOfReactants>
          <speciesReference species="S18" stoichiometry="1" constant="true"/>
        </listOfReactants>
        <listOfProducts>
          <speciesReference species="S11" stoichiometry="1" constant="true"/>
          <speciesReference species="S5" stoichiometry="1" constant="true"/>
        </listOfProducts>
        <kineticLaw>
          <math xmlns="http://www.w3.org/1998/Math/MathML">
            <apply>
              <times/>
              <ci> kc25 </ci>
              <ci> S18 </ci>
            </apply>
          </math>
        </kineticLaw>
      </reaction>
      <reaction id="J26" reversible="true">
        <listOfReactants>
          <speciesReference species="S19" stoichiometry="1" constant="true"/>
        </listOfReactants>
        <listOfProducts>
          <speciesReference species="S2" stoichiometry="1" constant="true"/>
          <speciesReference species="S11" stoichiometry="1" constant="true"/>
        </listOfProducts>
        <kineticLaw>
          <math xmlns="http://www.w3.org/1998/Math/MathML">
            <apply>
              <times/>
              <ci> kc26 </ci>
              <ci> S19 </ci>
            </apply>
          </math>
        </kineticLaw>
      </reaction>
      <reaction id="J27" reversible="true">
        <listOfReactants>
          <speciesReference species="S29" stoichiometry="1" constant="true"/>
          <speciesReference species="S17" stoichiometry="1" constant="true"/>
        </listOfReactants>
        <listOfProducts>
          <speciesReference species="S3" stoichiometry="1" constant="true"/>
        </listOfProducts>
        <kineticLaw>
          <math xmlns="http://www.w3.org/1998/Math/MathML">
            <apply>
              <times/>
              <ci> kc27 </ci>
              <ci> S29 </ci>
              <ci> S17 </ci>
            </apply>
          </math>
        </kineticLaw>
      </reaction>
      <reaction id="J28" reversible="true">
        <listOfReactants>
          <speciesReference species="S24" stoichiometry="1" constant="true"/>
          <speciesReference species="S0" stoichiometry="1" constant="true"/>
        </listOfReactants>
        <listOfProducts>
          <speciesReference species="S7" stoichiometry="1" constant="true"/>
        </listOfProducts>
        <kineticLaw>
          <math xmlns="http://www.w3.org/1998/Math/MathML">
            <apply>
              <times/>
              <ci> kc28 </ci>
              <ci> S24 </ci>
              <ci> S0 </ci>
            </apply>
          </math>
        </kineticLaw>
      </reaction>
      <reaction id="J29" reversible="true">
        <listOfReactants>
          <speciesReference species="S1" stoichiometry="1" constant="true"/>
          <speciesReference species="S4" stoichiometry="1" constant="true"/>
        </listOfReactants>
        <listOfProducts>
          <speciesReference species="S4" stoichiometry="1" constant="true"/>
        </listOfProducts>
        <kineticLaw>
          <math xmlns="http://www.w3.org/1998/Math/MathML">
            <apply>
              <times/>
              <ci> kc29 </ci>
              <ci> S1 </ci>
              <ci> S4 </ci>
            </apply>
          </math>
        </kineticLaw>
      </reaction>
      <reaction id="J30" reversible="true">
        <listOfReactants>
          <speciesReference species="S21" stoichiometry="1" constant="true"/>
          <speciesReference species="S6" stoichiometry="1" constant="true"/>
        </listOfReactants>
        <listOfProducts>
          <speciesReference species="S11" stoichiometry="1" constant="true"/>
        </listOfProducts>
        <kineticLaw>
          <math xmlns="http://www.w3.org/1998/Math/MathML">
            <apply>
              <times/>
              <ci> kc30 </ci>
              <ci> S21 </ci>
              <ci> S6 </ci>
            </apply>
          </math>
        </kineticLaw>
      </reaction>
      <reaction id="J31" reversible="true">
        <listOfReactants>
          <speciesReference species="S15" stoichiometry="1" constant="true"/>
          <speciesReference species="S21" stoichiometry="1" constant="true"/>
        </listOfReactants>
        <listOfProducts>
          <speciesReference species="S10" stoichiometry="1" constant="true"/>
        </listOfProducts>
        <kineticLaw>
          <math xmlns="http://www.w3.org/1998/Math/MathML">
            <apply>
              <times/>
              <ci> kc31 </ci>
              <ci> S15 </ci>
              <ci> S21 </ci>
            </apply>
          </math>
        </kineticLaw>
      </reaction>
      <reaction id="J32" reversible="true">
        <listOfReactants>
          <speciesReference species="S20" stoichiometry="1" constant="true"/>
          <speciesReference species="S12" stoichiometry="1" constant="true"/>
        </listOfReactants>
        <listOfProducts>
          <speciesReference species="S15" stoichiometry="1" constant="true"/>
        </listOfProducts>
        <kineticLaw>
          <math xmlns="http://www.w3.org/1998/Math/MathML">
            <apply>
              <times/>
              <ci> kc32 </ci>
              <ci> S20 </ci>
              <ci> S12 </ci>
            </apply>
          </math>
        </kineticLaw>
      </reaction>
      <reaction id="J33" reversible="true">
        <listOfReactants>
          <speciesReference species="S19" stoichiometry="1" constant="true"/>
        </listOfReactants>
        <listOfProducts>
          <speciesReference species="S26" stoichiometry="1" constant="true"/>
        </listOfProducts>
        <kineticLaw>
          <math xmlns="http://www.w3.org/1998/Math/MathML">
            <apply>
              <times/>
              <ci> kc33 </ci>
              <ci> S19 </ci>
            </apply>
          </math>
        </kineticLaw>
      </reaction>
      <reaction id="J34" reversible="true">
        <listOfReactants>
          <speciesReference species="S3" stoichiometry="1" constant="true"/>
        </listOfReactants>
        <listOfProducts>
          <speciesReference species="S3" stoichiometry="1" constant="true"/>
          <speciesReference species="S12" stoichiometry="1" constant="true"/>
        </listOfProducts>
        <kineticLaw>
          <math xmlns="http://www.w3.org/1998/Math/MathML">
            <apply>
              <times/>
              <ci> kc34 </ci>
              <ci> S3 </ci>
            </apply>
          </math>
        </kineticLaw>
      </reaction>
      <reaction id="J35" reversible="true">
        <listOfReactants>
          <speciesReference species="S18" stoichiometry="1" constant="true"/>
          <speciesReference species="S24" stoichiometry="1" constant="true"/>
        </listOfReactants>
        <listOfProducts>
          <speciesReference species="S21" stoichiometry="1" constant="true"/>
        </listOfProducts>
        <kineticLaw>
          <math xmlns="http://www.w3.org/1998/Math/MathML">
            <apply>
              <times/>
              <ci> kc35 </ci>
              <ci> S18 </ci>
              <ci> S24 </ci>
            </apply>
          </math>
        </kineticLaw>
      </reaction>
      <reaction id="J36" reversible="true">
        <listOfReactants>
          <speciesReference species="S20" stoichiometry="1" constant="true"/>
        </listOfReactants>
        <listOfProducts>
          <speciesReference species="S8" stoichiometry="1" constant="true"/>
          <speciesReference species="S13" stoichiometry="1" constant="true"/>
        </listOfProducts>
        <kineticLaw>
          <math xmlns="http://www.w3.org/1998/Math/MathML">
            <apply>
              <times/>
              <ci> kc36 </ci>
              <ci> S20 </ci>
            </apply>
          </math>
        </kineticLaw>
      </reaction>
      <reaction id="J37" reversible="true">
        <listOfReactants>
          <speciesReference species="S2" stoichiometry="1" constant="true"/>
        </listOfReactants>
        <listOfProducts>
          <speciesReference species="S13" stoichiometry="1" constant="true"/>
          <speciesReference species="S24" stoichiometry="1" constant="true"/>
        </listOfProducts>
        <kineticLaw>
          <math xmlns="http://www.w3.org/1998/Math/MathML">
            <apply>
              <times/>
              <ci> kc37 </ci>
              <ci> S2 </ci>
            </apply>
          </math>
        </kineticLaw>
      </reaction>
      <reaction id="J38" reversible="true">
        <listOfReactants>
          <speciesReference species="S12" stoichiometry="1" constant="true"/>
          <speciesReference species="S25" stoichiometry="1" constant="true"/>
        </listOfReactants>
        <listOfProducts>
          <speciesReference species="S17" stoichiometry="1" constant="true"/>
        </listOfProducts>
        <kineticLaw>
          <math xmlns="http://www.w3.org/1998/Math/MathML">
            <apply>
              <times/>
              <ci> kc38 </ci>
              <ci> S12 </ci>
              <ci> S25 </ci>
            </apply>
          </math>
        </kineticLaw>
      </reaction>
      <reaction id="J39" reversible="true">
        <listOfReactants>
          <speciesReference species="S3" stoichiometry="1" constant="true"/>
          <speciesReference species="S8" stoichiometry="1" constant="true"/>
        </listOfReactants>
        <listOfProducts>
          <speciesReference species="S4" stoichiometry="1" constant="true"/>
        </listOfProducts>
        <kineticLaw>
          <math xmlns="http://www.w3.org/1998/Math/MathML">
            <apply>
              <times/>
              <ci> kc39 </ci>
              <ci> S3 </ci>
              <ci> S8 </ci>
            </apply>
          </math>
        </kineticLaw>
      </reaction>
      <reaction id="J40" reversible="true">
        <listOfReactants>
          <speciesReference species="S20" stoichiometry="1" constant="true"/>
        </listOfReactants>
        <listOfProducts>
          <speciesReference species="S12" stoichiometry="1" constant="true"/>
        </listOfProducts>
        <kineticLaw>
          <math xmlns="http://www.w3.org/1998/Math/MathML">
            <apply>
              <times/>
              <ci> kc40 </ci>
              <ci> S20 </ci>
            </apply>
          </math>
        </kineticLaw>
      </reaction>
      <reaction id="J41" reversible="true">
        <listOfReactants>
          <speciesReference species="S25" stoichiometry="1" constant="true"/>
        </listOfReactants>
        <listOfProducts>
          <speciesReference species="S20" stoichiometry="1" constant="true"/>
        </listOfProducts>
        <kineticLaw>
          <math xmlns="http://www.w3.org/1998/Math/MathML">
            <apply>
              <times/>
              <ci> kc41 </ci>
              <ci> S25 </ci>
            </apply>
          </math>
        </kineticLaw>
      </reaction>
      <reaction id="J42" reversible="true">
        <listOfReactants>
          <speciesReference species="S10" stoichiometry="1" constant="true"/>
        </listOfReactants>
        <listOfProducts>
          <speciesReference species="S2" stoichiometry="1" constant="true"/>
        </listOfProducts>
        <kineticLaw>
          <math xmlns="http://www.w3.org/1998/Math/MathML">
            <apply>
              <times/>
              <ci> kc42 </ci>
              <ci> S10 </ci>
            </apply>
          </math>
        </kineticLaw>
      </reaction>
      <reaction id="J43" reversible="true">
        <listOfReactants>
          <speciesReference species="S18" stoichiometry="1" constant="true"/>
        </listOfReactants>
        <listOfProducts>
          <speciesReference species="S15" stoichiometry="1" constant="true"/>
          <speciesReference species="S7" stoichiometry="1" constant="true"/>
        </listOfProducts>
        <kineticLaw>
          <math xmlns="http://www.w3.org/1998/Math/MathML">
            <apply>
              <times/>
              <ci> kc43 </ci>
              <ci> S18 </ci>
            </apply>
          </math>
        </kineticLaw>
      </reaction>
      <reaction id="J44" reversible="true">
        <listOfReactants>
          <speciesReference species="S10" stoichiometry="1" constant="true"/>
        </listOfReactants>
        <listOfProducts>
          <speciesReference species="S26" stoichiometry="1" constant="true"/>
          <speciesReference species="S20" stoichiometry="1" constant="true"/>
        </listOfProducts>
        <kineticLaw>
          <math xmlns="http://www.w3.org/1998/Math/MathML">
            <apply>
              <times/>
              <ci> kc44 </ci>
              <ci> S10 </ci>
            </apply>
          </math>
        </kineticLaw>
      </reaction>
      <reaction id="J45" reversible="true">
        <listOfReactants>
          <speciesReference species="S7" stoichiometry="1" constant="true"/>
        </listOfReactants>
        <listOfProducts>
          <speciesReference species="S8" stoichiometry="1" constant="true"/>
          <speciesReference species="S22" stoichiometry="1" constant="true"/>
        </listOfProducts>
        <kineticLaw>
          <math xmlns="http://www.w3.org/1998/Math/MathML">
            <apply>
              <times/>
              <ci> kc45 </ci>
              <ci> S7 </ci>
            </apply>
          </math>
        </kineticLaw>
      </reaction>
      <reaction id="J46" reversible="true">
        <listOfReactants>
          <speciesReference species="S13" stoichiometry="1" constant="true"/>
          <speciesReference species="S22" stoichiometry="1" constant="true"/>
        </listOfReactants>
        <listOfProducts>
          <speciesReference species="S7" stoichiometry="1" constant="true"/>
        </listOfProducts>
        <kineticLaw>
          <math xmlns="http://www.w3.org/1998/Math/MathML">
            <apply>
              <times/>
              <ci> kc46 </ci>
              <ci> S13 </ci>
              <ci> S22 </ci>
            </apply>
          </math>
        </kineticLaw>
      </reaction>
      <reaction id="J47" reversible="true">
        <listOfReactants>
          <speciesReference species="S25" stoichiometry="1" constant="true"/>
        </listOfReactants>
        <listOfProducts>
          <speciesReference species="S18" stoichiometry="1" constant="true"/>
          <speciesReference species="S22" stoichiometry="1" constant="true"/>
        </listOfProducts>
        <kineticLaw>
          <math xmlns="http://www.w3.org/1998/Math/MathML">
            <apply>
              <times/>
              <ci> kc47 </ci>
              <ci> S25 </ci>
            </apply>
          </math>
        </kineticLaw>
      </reaction>
      <reaction id="J48" reversible="true">
        <listOfReactants>
          <speciesReference species="S12" stoichiometry="1" constant="true"/>
          <speciesReference species="S0" stoichiometry="1" constant="true"/>
        </listOfReactants>
        <listOfProducts>
          <speciesReference species="S24" stoichiometry="1" constant="true"/>
        </listOfProducts>
        <kineticLaw>
          <math xmlns="http://www.w3.org/1998/Math/MathML">
            <apply>
              <times/>
              <ci> kc48 </ci>
              <ci> S12 </ci>
              <ci> S0 </ci>
            </apply>
          </math>
        </kineticLaw>
      </reaction>
      <reaction id="J49" reversible="true">
        <listOfReactants>
          <speciesReference species="S1" stoichiometry="1" constant="true"/>
        </listOfReactants>
        <listOfProducts>
          <speciesReference species="S12" stoichiometry="1" constant="true"/>
          <speciesReference species="S2" stoichiometry="1" constant="true"/>
        </listOfProducts>
        <kineticLaw>
          <math xmlns="http://www.w3.org/1998/Math/MathML">
            <apply>
              <times/>
              <ci> kc49 </ci>
              <ci> S1 </ci>
            </apply>
          </math>
        </kineticLaw>
      </reaction>
      <reaction id="J50" reversible="true">
        <listOfReactants>
          <speciesReference species="S28" stoichiometry="1" constant="true"/>
        </listOfReactants>
        <listOfProducts>
          <speciesReference species="S17" stoichiometry="1" constant="true"/>
          <speciesReference species="S19" stoichiometry="1" constant="true"/>
        </listOfProducts>
        <kineticLaw>
          <math xmlns="http://www.w3.org/1998/Math/MathML">
            <apply>
              <times/>
              <ci> kc50 </ci>
              <ci> S28 </ci>
            </apply>
          </math>
        </kineticLaw>
      </reaction>
      <reaction id="J51" reversible="true">
        <listOfReactants>
          <speciesReference species="S21" stoichiometry="1" constant="true"/>
        </listOfReactants>
        <listOfProducts>
          <speciesReference species="S22" stoichiometry="1" constant="true"/>
          <speciesReference species="S19" stoichiometry="1" constant="true"/>
        </listOfProducts>
        <kineticLaw>
          <math xmlns="http://www.w3.org/1998/Math/MathML">
            <apply>
              <times/>
              <ci> kc51 </ci>
              <ci> S21 </ci>
            </apply>
          </math>
        </kineticLaw>
      </reaction>
      <reaction id="J52" reversible="true">
        <listOfReactants>
          <speciesReference species="S23" stoichiometry="1" constant="true"/>
        </listOfReactants>
        <listOfProducts>
          <speciesReference species="S18" stoichiometry="1" constant="true"/>
        </listOfProducts>
        <kineticLaw>
          <math xmlns="http://www.w3.org/1998/Math/MathML">
            <apply>
              <times/>
              <ci> kc52 </ci>
              <ci> S23 </ci>
            </apply>
          </math>
        </kineticLaw>
      </reaction>
      <reaction id="J53" reversible="true">
        <listOfReactants>
          <speciesReference species="S20" stoichiometry="1" constant="true"/>
        </listOfReactants>
        <listOfProducts>
          <speciesReference species="S5" stoichiometry="1" constant="true"/>
        </listOfProducts>
        <kineticLaw>
          <math xmlns="http://www.w3.org/1998/Math/MathML">
            <apply>
              <times/>
              <ci> kc53 </ci>
              <ci> S20 </ci>
            </apply>
          </math>
        </kineticLaw>
      </reaction>
      <reaction id="J54" reversible="true">
        <listOfReactants>
          <speciesReference species="S22" stoichiometry="1" constant="true"/>
        </listOfReactants>
        <listOfProducts>
          <speciesReference species="S8" stoichiometry="1" constant="true"/>
          <speciesReference species="S8" stoichiometry="1" constant="true"/>
        </listOfProducts>
        <kineticLaw>
          <math xmlns="http://www.w3.org/1998/Math/MathML">
            <apply>
              <times/>
              <ci> kc54 </ci>
              <ci> S22 </ci>
            </apply>
          </math>
        </kineticLaw>
      </reaction>
      <reaction id="J55" reversible="true">
        <listOfReactants>
          <speciesReference species="S24" stoichiometry="1" constant="true"/>
        </listOfReactants>
        <listOfProducts>
          <speciesReference species="S13" stoichiometry="1" constant="true"/>
          <speciesReference species="S8" stoichiometry="1" constant="true"/>
        </listOfProducts>
        <kineticLaw>
          <math xmlns="http://www.w3.org/1998/Math/MathML">
            <apply>
              <times/>
              <ci> kc55 </ci>
              <ci> S24 </ci>
            </apply>
          </math>
        </kineticLaw>
      </reaction>
      <reaction id="J56" reversible="true">
        <listOfReactants>
          <speciesReference species="S14" stoichiometry="1" constant="true"/>
          <speciesReference species="S27" stoichiometry="1" constant="true"/>
        </listOfReactants>
        <listOfProducts>
          <speciesReference species="S27" stoichiometry="1" constant="true"/>
        </listOfProducts>
        <kineticLaw>
          <math xmlns="http://www.w3.org/1998/Math/MathML">
            <apply>
              <times/>
              <ci> kc56 </ci>
              <ci> S14 </ci>
              <ci> S27 </ci>
            </apply>
          </math>
        </kineticLaw>
      </reaction>
    </listOfReactions>
  </model>
</sbml>
