<?xml version="1.0" encoding="UTF-8"?>
<!-- Created by libAntimony version v2.15.0 with libSBML version 5.20.2. -->
<sbml xmlns="http://www.sbml.org/sbml/level3/version2/core" level="3" version="2">
  <model metaid="__main" id="__main">
    <listOfCompartments>
      <compartment sboTerm="SBO:0000410" id="default_compartment" spatialDimensions="3" size="1" constant="true"/>
    </listOfCompartments>
    <listOfSpecies>
      <species id="S0" compartment="default_compartment" initialConcentration="0.917878103966268" hasOnlySubstanceUnits="false" boundaryCondition="false" constant="false"/>
      <species id="S1" compartment="default_compartment" initialConcentration="4.84860502085638" hasOnlySubstanceUnits="false" boundaryCondition="false" constant="false"/>
      <species id="S2" compartment="default_compartment" initialConcentration="6.42131307193883" hasOnlySubstanceUnits="false" boundaryCondition="false" constant="false"/>
      <species id="S3" compartment="default_compartment" initialConcentration="5.5600800872123" hasOnlySubstanceUnits="false" boundaryCondition="false" constant="false"/>
      <species id="S4" compartment="default_compartment" initialConcentration="0.399659984568113" hasOnlySubstanceUnits="false" boundaryCondition="false" constant="false"/>
      <species id="S5" compartment="default_compartment" initialConcentration="3.02076440156228" hasOnlySubstanceUnits="false" boundaryCondition="false" constant="false"/>
      <species id="S7" compartment="default_compartment" initialConcentration="1.83252308543716" hasOnlySubstanceUnits="false" boundaryCondition="false" constant="false"/>
      <species id="S8" compartment="default_compartment" initialConcentration="4.95343714165804" hasOnlySubstanceUnits="false" boundaryCondition="false" constant="false"/>
      <species id="S9" compartment="default_compartment" initialConcentration="5.36978534839559" hasOnlySubstanceUnits="false" boundaryCondition="false" constant="false"/>
      <species id="S10" compartment="default_compartment" initialConcentration="8.60112771404475" hasOnlySubstanceUnits="false" boundaryCondition="false" constant="false"/>
      <species id="S11" compartment="default_compartment" initialConcentration="9.36670451193957" hasOnlySubstanceUnits="false" boundaryCondition="false" constant="false"/>
      <species id="S13" compartment="default_compartment" initialConcentration="8.93361038938212" hasOnlySubstanceUnits="false" boundaryCondition="false" constant="false"/>
      <species id="S14" compartment="default_compartment" initialConcentration="1.55116821998004" hasOnlySubstanceUnits="false" boundaryCondition="false" constant="false"/>
      <species id="S15" compartment="default_compartment" initialConcentration="9.95035132426939" hasOnlySubstanceUnits="false" boundaryCondition="false" constant="false"/>
      <species id="S16" compartment="default_compartment" initialConcentration="9.48402157463194" hasOnlySubstanceUnits="false" boundaryCondition="false" constant="false"/>
      <species id="S17" compartment="default_compartment" initialConcentration="6.43245622324183" hasOnlySubstanceUnits="false" boundaryCondition="false" constant="false"/>
      <species id="S18" compartment="default_compartment" initialConcentration="2.81604492648838" hasOnlySubstanceUnits="false" boundaryCondition="false" constant="false"/>
      <species id="S20" compartment="default_compartment" initialConcentration="5.20682323294235" hasOnlySubstanceUnits="false" boundaryCondition="false" constant="false"/>
      <species id="S21" compartment="default_compartment" initialConcentration="5.38875558678135" hasOnlySubstanceUnits="false" boundaryCondition="false" constant="false"/>
      <species id="S23" compartment="default_compartment" initialConcentration="2.65341271063379" hasOnlySubstanceUnits="false" boundaryCondition="false" constant="false"/>
      <species id="S24" compartment="default_compartment" initialConcentration="5.59077425380417" hasOnlySubstanceUnits="false" boundaryCondition="false" constant="false"/>
      <species id="S25" compartment="default_compartment" initialConcentration="1.18663880364622" hasOnlySubstanceUnits="false" boundaryCondition="false" constant="false"/>
      <species id="S27" compartment="default_compartment" initialConcentration="8.17569460982027" hasOnlySubstanceUnits="false" boundaryCondition="false" constant="false"/>
      <species id="S28" compartment="default_compartment" initialConcentration="2.22106388184206" hasOnlySubstanceUnits="false" boundaryCondition="false" constant="false"/>
      <species id="S29" compartment="default_compartment" initialConcentration="0.357031095499148" hasOnlySubstanceUnits="false" boundaryCondition="false" constant="false"/>
      <species id="S31" compartment="default_compartment" initialConcentration="1.59011355242504" hasOnlySubstanceUnits="false" boundaryCondition="false" constant="false"/>
      <species id="S32" compartment="default_compartment" initialConcentration="4.10140664150407" hasOnlySubstanceUnits="false" boundaryCondition="false" constant="false"/>
      <species id="S33" compartment="default_compartment" initialConcentration="0.766324789329585" hasOnlySubstanceUnits="false" boundaryCondition="false" constant="false"/>
      <species id="S34" compartment="default_compartment" initialConcentration="2.00203370381226" hasOnlySubstanceUnits="false" boundaryCondition="false" constant="false"/>
      <species id="S35" compartment="default_compartment" initialConcentration="5.57922406846106" hasOnlySubstanceUnits="false" boundaryCondition="false" constant="false"/>
      <species id="S36" compartment="default_compartment" initialConcentration="0.942263756413995" hasOnlySubstanceUnits="false" boundaryCondition="false" constant="false"/>
      <species id="S38" compartment="default_compartment" initialConcentration="5.42500202306719" hasOnlySubstanceUnits="false" boundaryCondition="false" constant="false"/>
      <species id="S39" compartment="default_compartment" initialConcentration="9.99650052595418" hasOnlySubstanceUnits="false" boundaryCondition="false" constant="false"/>
      <species id="S6" compartment="default_compartment" initialConcentration="3.20817984982951" hasOnlySubstanceUnits="false" boundaryCondition="true" constant="false"/>
      <species id="S12" compartment="default_compartment" initialConcentration="0.50990483204097" hasOnlySubstanceUnits="false" boundaryCondition="true" constant="false"/>
      <species id="S19" compartment="default_compartment" initialConcentration="0.0420585265100859" hasOnlySubstanceUnits="false" boundaryCondition="true" constant="false"/>
      <species id="S22" compartment="default_compartment" initialConcentration="1.26220365293346" hasOnlySubstanceUnits="false" boundaryCondition="true" constant="false"/>
      <species id="S26" compartment="default_compartment" initialConcentration="7.52278833773938" hasOnlySubstanceUnits="false" boundaryCondition="true" constant="false"/>
      <species id="S30" compartment="default_compartment" initialConcentration="5.83550756650847" hasOnlySubstanceUnits="false" boundaryCondition="true" constant="false"/>
      <species id="S37" compartment="default_compartment" initialConcentration="8.27470520990673" hasOnlySubstanceUnits="false" boundaryCondition="true" constant="false"/>
    </listOfSpecies>
    <listOfParameters>
      <parameter id="kc0" value="0.107015167613219" constant="true"/>
      <parameter id="kc1" value="0.0206859162598169" constant="true"/>
      <parameter id="kc2" value="0.397670493962367" constant="true"/>
      <parameter id="kc3" value="0.182141772924299" constant="true"/>
      <parameter id="kc4" value="0.471764170127399" constant="true"/>
      <parameter id="kc5" value="0.0510750240014135" constant="true"/>
      <parameter id="kc6" value="0.0483642370632017" constant="true"/>
      <parameter id="kc7" value="0.0180747746351358" constant="true"/>
      <parameter id="kc8" value="0.0160584064597448" constant="true"/>
      <parameter id="kc9" value="0.2197719002778" constant="true"/>
      <parameter id="kc10" value="0.11473995326143" constant="true"/>
      <parameter id="kc11" value="0.0246560596737424" constant="true"/>
      <parameter id="kc12" value="0.365103949201974" constant="true"/>
      <parameter id="kc13" value="0.01108347229005" constant="true"/>
      <parameter id="kc14" value="0.588822417058477" constant="true"/>
      <parameter id="kc15" value="0.356449584119116" constant="true"/>
      <parameter id="kc16" value="0.0882331006288076" constant="true"/>
      <parameter id="kc17" value="0.231315165411251" constant="true"/>
      <parameter id="kc18" value="0.142750136754805" constant="true"/>
      <parameter id="kc19" value="0.368361433974691" constant="true"/>
      <parameter id="kc20" value="0.0125955408901115" constant="true"/>
      <parameter id="kc21" value="0.198134720505696" constant="true"/>
      <parameter id="kc22" value="0.240782295563337" constant="true"/>
      <parameter id="kc23" value="0.103727065296163" constant="true"/>
      <parameter id="kc24" value="0.434208001377501" constant="true"/>
      <parameter id="kc25" value="0.483936084915371" constant="true"/>
      <parameter id="kc26" value="0.920744670929705" constant="true"/>
      <parameter id="kc27" value="0.294864404982379" constant="true"/>
      <parameter id="kc28" value="0.0247504404443697" constant="true"/>
      <parameter id="kc29" value="0.123303793421342" constant="true"/>
      <parameter id="kc30" value="0.102573531307383" constant="true"/>
      <parameter id="kc31" value="0.0854878429436309" constant="true"/>
      <parameter id="kc32" value="0.298343245485314" constant="true"/>
      <parameter id="kc33" value="0.761391531533623" constant="true"/>
      <parameter id="kc34" value="0.31689721108963" constant="true"/>
      <parameter id="kc35" value="0.0456502962922319" constant="true"/>
      <parameter id="kc36" value="0.341806249472669" constant="true"/>
      <parameter id="kc37" value="0.0152535710838992" constant="true"/>
      <parameter id="kc38" value="0.0607034144747909" constant="true"/>
      <parameter id="kc39" value="0.071667922764399" constant="true"/>
      <parameter id="kc40" value="0.933323767304971" constant="true"/>
      <parameter id="kc41" value="0.148013839313478" constant="true"/>
      <parameter id="kc42" value="0.264292612748496" constant="true"/>
      <parameter id="kc43" value="0.0148224732499555" constant="true"/>
      <parameter id="kc44" value="0.0202040033573897" constant="true"/>
      <parameter id="kc45" value="0.328330024567642" constant="true"/>
      <parameter id="kc46" value="0.525045787612357" constant="true"/>
      <parameter id="kc47" value="0.107020883087141" constant="true"/>
      <parameter id="kc48" value="0.320625522082932" constant="true"/>
      <parameter id="kc49" value="0.0736805327123945" constant="true"/>
      <parameter id="kc50" value="0.91922491326744" constant="true"/>
      <parameter id="kc51" value="0.155738453102263" constant="true"/>
      <parameter id="kc52" value="0.0559511468959576" constant="true"/>
      <parameter id="kc53" value="0.182247324991588" constant="true"/>
      <parameter id="kc54" value="0.615023009918438" constant="true"/>
      <parameter id="kc55" value="0.0286425812636871" constant="true"/>
      <parameter id="kc56" value="0.0104512959811236" constant="true"/>
      <parameter id="kc57" value="0.0782797387007364" constant="true"/>
      <parameter id="kc58" value="0.0378366949662052" constant="true"/>
      <parameter id="kc59" value="0.975653508091361" constant="true"/>
      <parameter id="kc60" value="0.0136126531354139" constant="true"/>
      <parameter id="kc61" value="0.019417386663468" constant="true"/>
      <parameter id="kc62" value="0.0780155022744228" constant="true"/>
      <parameter id="kc63" value="0.0404187649442352" constant="true"/>
    </listOfParameters>
    <listOfReactions>
      <reaction id="J0" reversible="true">
        <listOfReactants>
          <speciesReference species="S31" stoichiometry="1" constant="true"/>
        </listOfReactants>
        <listOfProducts>
          <speciesReference species="S7" stoichiometry="1" constant="true"/>
        </listOfProducts>
        <kineticLaw>
          <math xmlns="http://www.w3.org/1998/Math/MathML">
            <apply>
              <times/>
              <ci> kc0 </ci>
              <ci> S31 </ci>
            </apply>
          </math>
        </kineticLaw>
      </reaction>
      <reaction id="J1" reversible="true">
        <listOfReactants>
          <speciesReference species="S34" stoichiometry="1" constant="true"/>
          <speciesReference species="S13" stoichiometry="1" constant="true"/>
        </listOfReactants>
        <listOfProducts>
          <speciesReference species="S36" stoichiometry="1" constant="true"/>
          <speciesReference species="S23" stoichiometry="1" constant="true"/>
        </listOfProducts>
        <kineticLaw>
          <math xmlns="http://www.w3.org/1998/Math/MathML">
            <apply>
              <times/>
              <ci> kc1 </ci>
              <ci> S34 </ci>
              <ci> S13 </ci>
            </apply>
          </math>
        </kineticLaw>
      </reaction>
      <reaction id="J2" reversible="true">
        <listOfReactants>
          <speciesReference species="S18" stoichiometry="1" constant="true"/>
          <speciesReference species="S9" stoichiometry="1" constant="true"/>
        </listOfReactants>
        <listOfProducts>
          <speciesReference species="S11" stoichiometry="1" constant="true"/>
        </listOfProducts>
        <kineticLaw>
          <math xmlns="http://www.w3.org/1998/Math/MathML">
            <apply>
              <times/>
              <ci> kc2 </ci>
              <ci> S18 </ci>
              <ci> S9 </ci>
            </apply>
          </math>
        </kineticLaw>
      </reaction>
      <reaction id="J3" reversible="true">
        <listOfReactants>
          <speciesReference species="S1" stoichiometry="1" constant="true"/>
        </listOfReactants>
        <listOfProducts>
          <speciesReference species="S2" stoichiometry="1" constant="true"/>
          <speciesReference species="S18" stoichiometry="1" constant="true"/>
        </listOfProducts>
        <kineticLaw>
          <math xmlns="http://www.w3.org/1998/Math/MathML">
            <apply>
              <times/>
              <ci> kc3 </ci>
              <ci> S1 </ci>
            </apply>
          </math>
        </kineticLaw>
      </reaction>
      <reaction id="J4" reversible="true">
        <listOfReactants>
          <speciesReference species="S18" stoichiometry="1" constant="true"/>
          <speciesReference species="S0" stoichiometry="1" constant="true"/>
        </listOfReactants>
        <listOfProducts>
          <speciesReference species="S32" stoichiometry="1" constant="true"/>
        </listOfProducts>
        <kineticLaw>
          <math xmlns="http://www.w3.org/1998/Math/MathML">
            <apply>
              <times/>
              <ci> kc4 </ci>
              <ci> S18 </ci>
              <ci> S0 </ci>
            </apply>
          </math>
        </kineticLaw>
      </reaction>
      <reaction id="J5" reversible="true">
        <listOfReactants>
          <speciesReference species="S11" stoichiometry="1" constant="true"/>
        </listOfReactants>
        <listOfProducts>
          <speciesReference species="S13" stoichiometry="1" constant="true"/>
        </listOfProducts>
        <kineticLaw>
          <math xmlns="http://www.w3.org/1998/Math/MathML">
            <apply>
              <times/>
              <ci> kc5 </ci>
              <ci> S11 </ci>
            </apply>
          </math>
        </kineticLaw>
      </reaction>
      <reaction id="J6" reversible="true">
        <listOfReactants>
          <speciesReference species="S8" stoichiometry="1" constant="true"/>
        </listOfReactants>
        <listOfProducts>
          <speciesReference species="S5" stoichiometry="1" constant="true"/>
          <speciesReference species="S15" stoichiometry="1" constant="true"/>
        </listOfProducts>
        <kineticLaw>
          <math xmlns="http://www.w3.org/1998/Math/MathML">
            <apply>
              <times/>
              <ci> kc6 </ci>
              <ci> S8 </ci>
            </apply>
          </math>
        </kineticLaw>
      </reaction>
      <reaction id="J7" reversible="true">
        <listOfReactants>
          <speciesReference species="S25" stoichiometry="1" constant="true"/>
        </listOfReactants>
        <listOfProducts>
          <speciesReference species="S21" stoichiometry="1" constant="true"/>
        </listOfProducts>
        <kineticLaw>
          <math xmlns="http://www.w3.org/1998/Math/MathML">
            <apply>
              <times/>
              <ci> kc7 </ci>
              <ci> S25 </ci>
            </apply>
          </math>
        </kineticLaw>
      </reaction>
      <reaction id="J8" reversible="true">
        <listOfReactants>
          <speciesReference species="S3" stoichiometry="1" constant="true"/>
        </listOfReactants>
        <listOfProducts>
          <speciesReference species="S9" stoichiometry="1" constant="true"/>
        </listOfProducts>
        <kineticLaw>
          <math xmlns="http://www.w3.org/1998/Math/MathML">
            <apply>
              <times/>
              <ci> kc8 </ci>
              <ci> S3 </ci>
            </apply>
          </math>
        </kineticLaw>
      </reaction>
      <reaction id="J9" reversible="true">
        <listOfReactants>
          <speciesReference species="S13" stoichiometry="1" constant="true"/>
          <speciesReference species="S3" stoichiometry="1" constant="true"/>
        </listOfReactants>
        <listOfProducts>
          <speciesReference species="S30" stoichiometry="1" constant="true"/>
        </listOfProducts>
        <kineticLaw>
          <math xmlns="http://www.w3.org/1998/Math/MathML">
            <apply>
              <times/>
              <ci> kc9 </ci>
              <ci> S13 </ci>
              <ci> S3 </ci>
            </apply>
          </math>
        </kineticLaw>
      </reaction>
      <reaction id="J10" reversible="true">
        <listOfReactants>
          <speciesReference species="S2" stoichiometry="1" constant="true"/>
        </listOfReactants>
        <listOfProducts>
          <speciesReference species="S32" stoichiometry="1" constant="true"/>
          <speciesReference species="S13" stoichiometry="1" constant="true"/>
        </listOfProducts>
        <kineticLaw>
          <math xmlns="http://www.w3.org/1998/Math/MathML">
            <apply>
              <times/>
              <ci> kc10 </ci>
              <ci> S2 </ci>
            </apply>
          </math>
        </kineticLaw>
      </reaction>
      <reaction id="J11" reversible="true">
        <listOfReactants>
          <speciesReference species="S11" stoichiometry="1" constant="true"/>
        </listOfReactants>
        <listOfProducts>
          <speciesReference species="S7" stoichiometry="1" constant="true"/>
          <speciesReference species="S1" stoichiometry="1" constant="true"/>
        </listOfProducts>
        <kineticLaw>
          <math xmlns="http://www.w3.org/1998/Math/MathML">
            <apply>
              <times/>
              <ci> kc11 </ci>
              <ci> S11 </ci>
            </apply>
          </math>
        </kineticLaw>
      </reaction>
      <reaction id="J12" reversible="true">
        <listOfReactants>
          <speciesReference species="S13" stoichiometry="1" constant="true"/>
        </listOfReactants>
        <listOfProducts>
          <speciesReference species="S21" stoichiometry="1" constant="true"/>
        </listOfProducts>
        <kineticLaw>
          <math xmlns="http://www.w3.org/1998/Math/MathML">
            <apply>
              <times/>
              <ci> kc12 </ci>
              <ci> S13 </ci>
            </apply>
          </math>
        </kineticLaw>
      </reaction>
      <reaction id="J13" reversible="true">
        <listOfReactants>
          <speciesReference species="S38" stoichiometry="1" constant="true"/>
        </listOfReactants>
        <listOfProducts>
          <speciesReference species="S20" stoichiometry="1" constant="true"/>
        </listOfProducts>
        <kineticLaw>
          <math xmlns="http://www.w3.org/1998/Math/MathML">
            <apply>
              <times/>
              <ci> kc13 </ci>
              <ci> S38 </ci>
            </apply>
          </math>
        </kineticLaw>
      </reaction>
      <reaction id="J14" reversible="true">
        <listOfReactants>
          <speciesReference species="S17" stoichiometry="1" constant="true"/>
        </listOfReactants>
        <listOfProducts>
          <speciesReference species="S10" stoichiometry="1" constant="true"/>
        </listOfProducts>
        <kineticLaw>
          <math xmlns="http://www.w3.org/1998/Math/MathML">
            <apply>
              <times/>
              <ci> kc14 </ci>
              <ci> S17 </ci>
            </apply>
          </math>
        </kineticLaw>
      </reaction>
      <reaction id="J15" reversible="true">
        <listOfReactants>
          <speciesReference species="S7" stoichiometry="1" constant="true"/>
        </listOfReactants>
        <listOfProducts>
          <speciesReference species="S14" stoichiometry="1" constant="true"/>
          <speciesReference species="S14" stoichiometry="1" constant="true"/>
        </listOfProducts>
        <kineticLaw>
          <math xmlns="http://www.w3.org/1998/Math/MathML">
            <apply>
              <times/>
              <ci> kc15 </ci>
              <ci> S7 </ci>
            </apply>
          </math>
        </kineticLaw>
      </reaction>
      <reaction id="J16" reversible="true">
        <listOfReactants>
          <speciesReference species="S14" stoichiometry="1" constant="true"/>
          <speciesReference species="S9" stoichiometry="1" constant="true"/>
        </listOfReactants>
        <listOfProducts>
          <speciesReference species="S17" stoichiometry="1" constant="true"/>
        </listOfProducts>
        <kineticLaw>
          <math xmlns="http://www.w3.org/1998/Math/MathML">
            <apply>
              <times/>
              <ci> kc16 </ci>
              <ci> S14 </ci>
              <ci> S9 </ci>
            </apply>
          </math>
        </kineticLaw>
      </reaction>
      <reaction id="J17" reversible="true">
        <listOfReactants>
          <speciesReference species="S34" stoichiometry="1" constant="true"/>
          <speciesReference species="S21" stoichiometry="1" constant="true"/>
        </listOfReactants>
        <listOfProducts>
          <speciesReference species="S18" stoichiometry="1" constant="true"/>
        </listOfProducts>
        <kineticLaw>
          <math xmlns="http://www.w3.org/1998/Math/MathML">
            <apply>
              <times/>
              <ci> kc17 </ci>
              <ci> S34 </ci>
              <ci> S21 </ci>
            </apply>
          </math>
        </kineticLaw>
      </reaction>
      <reaction id="J18" reversible="true">
        <listOfReactants>
          <speciesReference species="S32" stoichiometry="1" constant="true"/>
          <speciesReference species="S29" stoichiometry="1" constant="true"/>
        </listOfReactants>
        <listOfProducts>
          <speciesReference species="S8" stoichiometry="1" constant="true"/>
        </listOfProducts>
        <kineticLaw>
          <math xmlns="http://www.w3.org/1998/Math/MathML">
            <apply>
              <times/>
              <ci> kc18 </ci>
              <ci> S32 </ci>
              <ci> S29 </ci>
            </apply>
          </math>
        </kineticLaw>
      </reaction>
      <reaction id="J19" reversible="true">
        <listOfReactants>
          <speciesReference species="S27" stoichiometry="1" constant="true"/>
        </listOfReactants>
        <listOfProducts>
          <speciesReference species="S8" stoichiometry="1" constant="true"/>
          <speciesReference species="S25" stoichiometry="1" constant="true"/>
        </listOfProducts>
        <kineticLaw>
          <math xmlns="http://www.w3.org/1998/Math/MathML">
            <apply>
              <times/>
              <ci> kc19 </ci>
              <ci> S27 </ci>
            </apply>
          </math>
        </kineticLaw>
      </reaction>
      <reaction id="J20" reversible="true">
        <listOfReactants>
          <speciesReference species="S25" stoichiometry="1" constant="true"/>
          <speciesReference species="S33" stoichiometry="1" constant="true"/>
        </listOfReactants>
        <listOfProducts>
          <speciesReference species="S27" stoichiometry="1" constant="true"/>
        </listOfProducts>
        <kineticLaw>
          <math xmlns="http://www.w3.org/1998/Math/MathML">
            <apply>
              <times/>
              <ci> kc20 </ci>
              <ci> S25 </ci>
              <ci> S33 </ci>
            </apply>
          </math>
        </kineticLaw>
      </reaction>
      <reaction id="J21" reversible="true">
        <listOfReactants>
          <speciesReference species="S29" stoichiometry="1" constant="true"/>
        </listOfReactants>
        <listOfProducts>
          <speciesReference species="S13" stoichiometry="1" constant="true"/>
        </listOfProducts>
        <kineticLaw>
          <math xmlns="http://www.w3.org/1998/Math/MathML">
            <apply>
              <times/>
              <ci> kc21 </ci>
              <ci> S29 </ci>
            </apply>
          </math>
        </kineticLaw>
      </reaction>
      <reaction id="J22" reversible="true">
        <listOfReactants>
          <speciesReference species="S20" stoichiometry="1" constant="true"/>
        </listOfReactants>
        <listOfProducts>
          <speciesReference species="S16" stoichiometry="1" constant="true"/>
          <speciesReference species="S19" stoichiometry="1" constant="true"/>
        </listOfProducts>
        <kineticLaw>
          <math xmlns="http://www.w3.org/1998/Math/MathML">
            <apply>
              <times/>
              <ci> kc22 </ci>
              <ci> S20 </ci>
            </apply>
          </math>
        </kineticLaw>
      </reaction>
      <reaction id="J23" reversible="true">
        <listOfReactants>
          <speciesReference species="S13" stoichiometry="1" constant="true"/>
        </listOfReactants>
        <listOfProducts>
          <speciesReference species="S7" stoichiometry="1" constant="true"/>
          <speciesReference species="S23" stoichiometry="1" constant="true"/>
        </listOfProducts>
        <kineticLaw>
          <math xmlns="http://www.w3.org/1998/Math/MathML">
            <apply>
              <times/>
              <ci> kc23 </ci>
              <ci> S13 </ci>
            </apply>
          </math>
        </kineticLaw>
      </reaction>
      <reaction id="J24" reversible="true">
        <listOfReactants>
          <speciesReference species="S2" stoichiometry="1" constant="true"/>
        </listOfReactants>
        <listOfProducts>
          <speciesReference species="S31" stoichiometry="1" constant="true"/>
        </listOfProducts>
        <kineticLaw>
          <math xmlns="http://www.w3.org/1998/Math/MathML">
            <apply>
              <times/>
              <ci> kc24 </ci>
              <ci> S2 </ci>
            </apply>
          </math>
        </kineticLaw>
      </reaction>
      <reaction id="J25" reversible="true">
        <listOfReactants>
          <speciesReference species="S5" stoichiometry="1" constant="true"/>
          <speciesReference species="S23" stoichiometry="1" constant="true"/>
        </listOfReactants>
        <listOfProducts>
          <speciesReference species="S38" stoichiometry="1" constant="true"/>
          <speciesReference species="S16" stoichiometry="1" constant="true"/>
        </listOfProducts>
        <kineticLaw>
          <math xmlns="http://www.w3.org/1998/Math/MathML">
            <apply>
              <times/>
              <ci> kc25 </ci>
              <ci> S5 </ci>
              <ci> S23 </ci>
            </apply>
          </math>
        </kineticLaw>
      </reaction>
      <reaction id="J26" reversible="true">
        <listOfReactants>
          <speciesReference species="S3" stoichiometry="1" constant="true"/>
          <speciesReference species="S12" stoichiometry="1" constant="true"/>
        </listOfReactants>
        <listOfProducts>
          <speciesReference species="S28" stoichiometry="1" constant="true"/>
        </listOfProducts>
        <kineticLaw>
          <math xmlns="http://www.w3.org/1998/Math/MathML">
            <apply>
              <times/>
              <ci> kc26 </ci>
              <ci> S3 </ci>
              <ci> S12 </ci>
            </apply>
          </math>
        </kineticLaw>
      </reaction>
      <reaction id="J27" reversible="true">
        <listOfReactants>
          <speciesReference species="S36" stoichiometry="1" constant="true"/>
        </listOfReactants>
        <listOfProducts>
          <speciesReference species="S4" stoichiometry="1" constant="true"/>
          <speciesReference species="S0" stoichiometry="1" constant="true"/>
        </listOfProducts>
        <kineticLaw>
          <math xmlns="http://www.w3.org/1998/Math/MathML">
            <apply>
              <times/>
              <ci> kc27 </ci>
              <ci> S36 </ci>
            </apply>
          </math>
        </kineticLaw>
      </reaction>
      <reaction id="J28" reversible="true">
        <listOfReactants>
          <speciesReference species="S2" stoichiometry="1" constant="true"/>
          <speciesReference species="S32" stoichiometry="1" constant="true"/>
        </listOfReactants>
        <listOfProducts>
          <speciesReference species="S15" stoichiometry="1" constant="true"/>
        </listOfProducts>
        <kineticLaw>
          <math xmlns="http://www.w3.org/1998/Math/MathML">
            <apply>
              <times/>
              <ci> kc28 </ci>
              <ci> S2 </ci>
              <ci> S32 </ci>
            </apply>
          </math>
        </kineticLaw>
      </reaction>
      <reaction id="J29" reversible="true">
        <listOfReactants>
          <speciesReference species="S8" stoichiometry="1" constant="true"/>
        </listOfReactants>
        <listOfProducts>
          <speciesReference species="S39" stoichiometry="1" constant="true"/>
        </listOfProducts>
        <kineticLaw>
          <math xmlns="http://www.w3.org/1998/Math/MathML">
            <apply>
              <times/>
              <ci> kc29 </ci>
              <ci> S8 </ci>
            </apply>
          </math>
        </kineticLaw>
      </reaction>
      <reaction id="J30" reversible="true">
        <listOfReactants>
          <speciesReference species="S1" stoichiometry="1" constant="true"/>
        </listOfReactants>
        <listOfProducts>
          <speciesReference species="S24" stoichiometry="1" constant="true"/>
          <speciesReference species="S26" stoichiometry="1" constant="true"/>
        </listOfProducts>
        <kineticLaw>
          <math xmlns="http://www.w3.org/1998/Math/MathML">
            <apply>
              <times/>
              <ci> kc30 </ci>
              <ci> S1 </ci>
            </apply>
          </math>
        </kineticLaw>
      </reaction>
      <reaction id="J31" reversible="true">
        <listOfReactants>
          <speciesReference species="S24" stoichiometry="1" constant="true"/>
        </listOfReactants>
        <listOfProducts>
          <speciesReference species="S35" stoichiometry="1" constant="true"/>
          <speciesReference species="S37" stoichiometry="1" constant="true"/>
        </listOfProducts>
        <kineticLaw>
          <math xmlns="http://www.w3.org/1998/Math/MathML">
            <apply>
              <times/>
              <ci> kc31 </ci>
              <ci> S24 </ci>
            </apply>
          </math>
        </kineticLaw>
      </reaction>
      <reaction id="J32" reversible="true">
        <listOfReactants>
          <speciesReference species="S12" stoichiometry="1" constant="true"/>
          <speciesReference species="S39" stoichiometry="1" constant="true"/>
        </listOfReactants>
        <listOfProducts>
          <speciesReference species="S22" stoichiometry="1" constant="true"/>
        </listOfProducts>
        <kineticLaw>
          <math xmlns="http://www.w3.org/1998/Math/MathML">
            <apply>
              <times/>
              <ci> kc32 </ci>
              <ci> S12 </ci>
              <ci> S39 </ci>
            </apply>
          </math>
        </kineticLaw>
      </reaction>
      <reaction id="J33" reversible="true">
        <listOfReactants>
          <speciesReference species="S1" stoichiometry="1" constant="true"/>
          <speciesReference species="S15" stoichiometry="1" constant="true"/>
        </listOfReactants>
        <listOfProducts>
          <speciesReference species="S31" stoichiometry="1" constant="true"/>
        </listOfProducts>
        <kineticLaw>
          <math xmlns="http://www.w3.org/1998/Math/MathML">
            <apply>
              <times/>
              <ci> kc33 </ci>
              <ci> S1 </ci>
              <ci> S15 </ci>
            </apply>
          </math>
        </kineticLaw>
      </reaction>
      <reaction id="J34" reversible="true">
        <listOfReactants>
          <speciesReference species="S10" stoichiometry="1" constant="true"/>
        </listOfReactants>
        <listOfProducts>
          <speciesReference species="S39" stoichiometry="1" constant="true"/>
        </listOfProducts>
        <kineticLaw>
          <math xmlns="http://www.w3.org/1998/Math/MathML">
            <apply>
              <times/>
              <ci> kc34 </ci>
              <ci> S10 </ci>
            </apply>
          </math>
        </kineticLaw>
      </reaction>
      <reaction id="J35" reversible="true">
        <listOfReactants>
          <speciesReference species="S11" stoichiometry="1" constant="true"/>
          <speciesReference species="S23" stoichiometry="1" constant="true"/>
        </listOfReactants>
        <listOfProducts>
          <speciesReference species="S5" stoichiometry="1" constant="true"/>
        </listOfProducts>
        <kineticLaw>
          <math xmlns="http://www.w3.org/1998/Math/MathML">
            <apply>
              <times/>
              <ci> kc35 </ci>
              <ci> S11 </ci>
              <ci> S23 </ci>
            </apply>
          </math>
        </kineticLaw>
      </reaction>
      <reaction id="J36" reversible="true">
        <listOfReactants>
          <speciesReference species="S9" stoichiometry="1" constant="true"/>
        </listOfReactants>
        <listOfProducts>
          <speciesReference species="S30" stoichiometry="1" constant="true"/>
        </listOfProducts>
        <kineticLaw>
          <math xmlns="http://www.w3.org/1998/Math/MathML">
            <apply>
              <times/>
              <ci> kc36 </ci>
              <ci> S9 </ci>
            </apply>
          </math>
        </kineticLaw>
      </reaction>
      <reaction id="J37" reversible="true">
        <listOfReactants>
          <speciesReference species="S7" stoichiometry="1" constant="true"/>
          <speciesReference species="S10" stoichiometry="1" constant="true"/>
        </listOfReactants>
        <listOfProducts>
          <speciesReference species="S5" stoichiometry="1" constant="true"/>
        </listOfProducts>
        <kineticLaw>
          <math xmlns="http://www.w3.org/1998/Math/MathML">
            <apply>
              <times/>
              <ci> kc37 </ci>
              <ci> S7 </ci>
              <ci> S10 </ci>
            </apply>
          </math>
        </kineticLaw>
      </reaction>
      <reaction id="J38" reversible="true">
        <listOfReactants>
          <speciesReference species="S33" stoichiometry="1" constant="true"/>
          <speciesReference species="S38" stoichiometry="1" constant="true"/>
        </listOfReactants>
        <listOfProducts>
          <speciesReference species="S13" stoichiometry="1" constant="true"/>
        </listOfProducts>
        <kineticLaw>
          <math xmlns="http://www.w3.org/1998/Math/MathML">
            <apply>
              <times/>
              <ci> kc38 </ci>
              <ci> S33 </ci>
              <ci> S38 </ci>
            </apply>
          </math>
        </kineticLaw>
      </reaction>
      <reaction id="J39" reversible="true">
        <listOfReactants>
          <speciesReference species="S4" stoichiometry="1" constant="true"/>
        </listOfReactants>
        <listOfProducts>
          <speciesReference species="S25" stoichiometry="1" constant="true"/>
        </listOfProducts>
        <kineticLaw>
          <math xmlns="http://www.w3.org/1998/Math/MathML">
            <apply>
              <times/>
              <ci> kc39 </ci>
              <ci> S4 </ci>
            </apply>
          </math>
        </kineticLaw>
      </reaction>
      <reaction id="J40" reversible="true">
        <listOfReactants>
          <speciesReference species="S39" stoichiometry="1" constant="true"/>
        </listOfReactants>
        <listOfProducts>
          <speciesReference species="S2" stoichiometry="1" constant="true"/>
          <speciesReference species="S9" stoichiometry="1" constant="true"/>
        </listOfProducts>
        <kineticLaw>
          <math xmlns="http://www.w3.org/1998/Math/MathML">
            <apply>
              <times/>
              <ci> kc40 </ci>
              <ci> S39 </ci>
            </apply>
          </math>
        </kineticLaw>
      </reaction>
      <reaction id="J41" reversible="true">
        <listOfReactants>
          <speciesReference species="S1" stoichiometry="1" constant="true"/>
          <speciesReference species="S13" stoichiometry="1" constant="true"/>
        </listOfReactants>
        <listOfProducts>
          <speciesReference species="S21" stoichiometry="1" constant="true"/>
          <speciesReference species="S28" stoichiometry="1" constant="true"/>
        </listOfProducts>
        <kineticLaw>
          <math xmlns="http://www.w3.org/1998/Math/MathML">
            <apply>
              <times/>
              <ci> kc41 </ci>
              <ci> S1 </ci>
              <ci> S13 </ci>
            </apply>
          </math>
        </kineticLaw>
      </reaction>
      <reaction id="J42" reversible="true">
        <listOfReactants>
          <speciesReference species="S35" stoichiometry="1" constant="true"/>
        </listOfReactants>
        <listOfProducts>
          <speciesReference species="S33" stoichiometry="1" constant="true"/>
          <speciesReference species="S0" stoichiometry="1" constant="true"/>
        </listOfProducts>
        <kineticLaw>
          <math xmlns="http://www.w3.org/1998/Math/MathML">
            <apply>
              <times/>
              <ci> kc42 </ci>
              <ci> S35 </ci>
            </apply>
          </math>
        </kineticLaw>
      </reaction>
      <reaction id="J43" reversible="true">
        <listOfReactants>
          <speciesReference species="S29" stoichiometry="1" constant="true"/>
        </listOfReactants>
        <listOfProducts>
          <speciesReference species="S3" stoichiometry="1" constant="true"/>
        </listOfProducts>
        <kineticLaw>
          <math xmlns="http://www.w3.org/1998/Math/MathML">
            <apply>
              <times/>
              <ci> kc43 </ci>
              <ci> S29 </ci>
            </apply>
          </math>
        </kineticLaw>
      </reaction>
      <reaction id="J44" reversible="true">
        <listOfReactants>
          <speciesReference species="S29" stoichiometry="1" constant="true"/>
        </listOfReactants>
        <listOfProducts>
          <speciesReference species="S27" stoichiometry="1" constant="true"/>
        </listOfProducts>
        <kineticLaw>
          <math xmlns="http://www.w3.org/1998/Math/MathML">
            <apply>
              <times/>
              <ci> kc44 </ci>
              <ci> S29 </ci>
            </apply>
          </math>
        </kineticLaw>
      </reaction>
      <reaction id="J45" reversible="true">
        <listOfReactants>
          <speciesReference species="S16" stoichiometry="1" constant="true"/>
          <speciesReference species="S24" stoichiometry="1" constant="true"/>
        </listOfReactants>
        <listOfProducts>
          <speciesReference species="S38" stoichiometry="1" constant="true"/>
        </listOfProducts>
        <kineticLaw>
          <math xmlns="http://www.w3.org/1998/Math/MathML">
            <apply>
              <times/>
              <ci> kc45 </ci>
              <ci> S16 </ci>
              <ci> S24 </ci>
            </apply>
          </math>
        </kineticLaw>
      </reaction>
      <reaction id="J46" reversible="true">
        <listOfReactants>
          <speciesReference species="S31" stoichiometry="1" constant="true"/>
        </listOfReactants>
        <listOfProducts>
          <speciesReference species="S26" stoichiometry="1" constant="true"/>
          <speciesReference species="S36" stoichiometry="1" constant="true"/>
        </listOfProducts>
        <kineticLaw>
          <math xmlns="http://www.w3.org/1998/Math/MathML">
            <apply>
              <times/>
              <ci> kc46 </ci>
              <ci> S31 </ci>
            </apply>
          </math>
        </kineticLaw>
      </reaction>
      <reaction id="J47" reversible="true">
        <listOfReactants>
          <speciesReference species="S36" stoichiometry="1" constant="true"/>
          <speciesReference species="S33" stoichiometry="1" constant="true"/>
        </listOfReactants>
        <listOfProducts>
          <speciesReference species="S31" stoichiometry="1" constant="true"/>
        </listOfProducts>
        <kineticLaw>
          <math xmlns="http://www.w3.org/1998/Math/MathML">
            <apply>
              <times/>
              <ci> kc47 </ci>
              <ci> S36 </ci>
              <ci> S33 </ci>
            </apply>
          </math>
        </kineticLaw>
      </reaction>
      <reaction id="J48" reversible="true">
        <listOfReactants>
          <speciesReference species="S8" stoichiometry="1" constant="true"/>
        </listOfReactants>
        <listOfProducts>
          <speciesReference species="S17" stoichiometry="1" constant="true"/>
          <speciesReference species="S1" stoichiometry="1" constant="true"/>
        </listOfProducts>
        <kineticLaw>
          <math xmlns="http://www.w3.org/1998/Math/MathML">
            <apply>
              <times/>
              <ci> kc48 </ci>
              <ci> S8 </ci>
            </apply>
          </math>
        </kineticLaw>
      </reaction>
      <reaction id="J49" reversible="true">
        <listOfReactants>
          <speciesReference species="S24" stoichiometry="1" constant="true"/>
          <speciesReference species="S12" stoichiometry="1" constant="true"/>
        </listOfReactants>
        <listOfProducts>
          <speciesReference species="S38" stoichiometry="1" constant="true"/>
        </listOfProducts>
        <kineticLaw>
          <math xmlns="http://www.w3.org/1998/Math/MathML">
            <apply>
              <times/>
              <ci> kc49 </ci>
              <ci> S24 </ci>
              <ci> S12 </ci>
            </apply>
          </math>
        </kineticLaw>
      </reaction>
      <reaction id="J50" reversible="true">
        <listOfReactants>
          <speciesReference species="S28" stoichiometry="1" constant="true"/>
          <speciesReference species="S1" stoichiometry="1" constant="true"/>
        </listOfReactants>
        <listOfProducts>
          <speciesReference species="S29" stoichiometry="1" constant="true"/>
        </listOfProducts>
        <kineticLaw>
          <math xmlns="http://www.w3.org/1998/Math/MathML">
            <apply>
              <times/>
              <ci> kc50 </ci>
              <ci> S28 </ci>
              <ci> S1 </ci>
            </apply>
          </math>
        </kineticLaw>
      </reaction>
      <reaction id="J51" reversible="true">
        <listOfReactants>
          <speciesReference species="S11" stoichiometry="1" constant="true"/>
        </listOfReactants>
        <listOfProducts>
          <speciesReference species="S0" stoichiometry="1" constant="true"/>
        </listOfProducts>
        <kineticLaw>
          <math xmlns="http://www.w3.org/1998/Math/MathML">
            <apply>
              <times/>
              <ci> kc51 </ci>
              <ci> S11 </ci>
            </apply>
          </math>
        </kineticLaw>
      </reaction>
      <reaction id="J52" reversible="true">
        <listOfReactants>
          <speciesReference species="S12" stoichiometry="1" constant="true"/>
        </listOfReactants>
        <listOfProducts>
          <speciesReference species="S19" stoichiometry="1" constant="true"/>
        </listOfProducts>
        <kineticLaw>
          <math xmlns="http://www.w3.org/1998/Math/MathML">
            <apply>
              <times/>
              <ci> kc52 </ci>
              <ci> S12 </ci>
            </apply>
          </math>
        </kineticLaw>
      </reaction>
      <reaction id="J53" reversible="true">
        <listOfReactants>
          <speciesReference species="S34" stoichiometry="1" constant="true"/>
          <speciesReference species="S25" stoichiometry="1" constant="true"/>
        </listOfReactants>
        <listOfProducts>
          <speciesReference species="S16" stoichiometry="1" constant="true"/>
        </listOfProducts>
        <kineticLaw>
          <math xmlns="http://www.w3.org/1998/Math/MathML">
            <apply>
              <times/>
              <ci> kc53 </ci>
              <ci> S34 </ci>
              <ci> S25 </ci>
            </apply>
          </math>
        </kineticLaw>
      </reaction>
      <reaction id="J54" reversible="true">
        <listOfReactants>
          <speciesReference species="S1" stoichiometry="1" constant="true"/>
        </listOfReactants>
        <listOfProducts>
          <speciesReference species="S16" stoichiometry="1" constant="true"/>
        </listOfProducts>
        <kineticLaw>
          <math xmlns="http://www.w3.org/1998/Math/MathML">
            <apply>
              <times/>
              <ci> kc54 </ci>
              <ci> S1 </ci>
            </apply>
          </math>
        </kineticLaw>
      </reaction>
      <reaction id="J55" reversible="true">
        <listOfReactants>
          <speciesReference species="S14" stoichiometry="1" constant="true"/>
        </listOfReactants>
        <listOfProducts>
          <speciesReference species="S28" stoichiometry="1" constant="true"/>
          <speciesReference species="S14" stoichiometry="1" constant="true"/>
        </listOfProducts>
        <kineticLaw>
          <math xmlns="http://www.w3.org/1998/Math/MathML">
            <apply>
              <times/>
              <ci> kc55 </ci>
              <ci> S14 </ci>
            </apply>
          </math>
        </kineticLaw>
      </reaction>
      <reaction id="J56" reversible="true">
        <listOfReactants>
          <speciesReference species="S15" stoichiometry="1" constant="true"/>
          <speciesReference species="S25" stoichiometry="1" constant="true"/>
        </listOfReactants>
        <listOfProducts>
          <speciesReference species="S17" stoichiometry="1" constant="true"/>
        </listOfProducts>
        <kineticLaw>
          <math xmlns="http://www.w3.org/1998/Math/MathML">
            <apply>
              <times/>
              <ci> kc56 </ci>
              <ci> S15 </ci>
              <ci> S25 </ci>
            </apply>
          </math>
        </kineticLaw>
      </reaction>
      <reaction id="J57" reversible="true">
        <listOfReactants>
          <speciesReference species="S31" stoichiometry="1" constant="true"/>
        </listOfReactants>
        <listOfProducts>
          <speciesReference species="S1" stoichiometry="1" constant="true"/>
          <speciesReference species="S5" stoichiometry="1" constant="true"/>
        </listOfProducts>
        <kineticLaw>
          <math xmlns="http://www.w3.org/1998/Math/MathML">
            <apply>
              <times/>
              <ci> kc57 </ci>
              <ci> S31 </ci>
            </apply>
          </math>
        </kineticLaw>
      </reaction>
      <reaction id="J58" reversible="true">
        <listOfReactants>
          <speciesReference species="S2" stoichiometry="1" constant="true"/>
        </listOfReactants>
        <listOfProducts>
          <speciesReference species="S19" stoichiometry="1" constant="true"/>
        </listOfProducts>
        <kineticLaw>
          <math xmlns="http://www.w3.org/1998/Math/MathML">
            <apply>
              <times/>
              <ci> kc58 </ci>
              <ci> S2 </ci>
            </apply>
          </math>
        </kineticLaw>
      </reaction>
      <reaction id="J59" reversible="true">
        <listOfReactants>
          <speciesReference species="S28" stoichiometry="1" constant="true"/>
          <speciesReference species="S14" stoichiometry="1" constant="true"/>
        </listOfReactants>
        <listOfProducts>
          <speciesReference species="S0" stoichiometry="1" constant="true"/>
        </listOfProducts>
        <kineticLaw>
          <math xmlns="http://www.w3.org/1998/Math/MathML">
            <apply>
              <times/>
              <ci> kc59 </ci>
              <ci> S28 </ci>
              <ci> S14 </ci>
            </apply>
          </math>
        </kineticLaw>
      </reaction>
      <reaction id="J60" reversible="true">
        <listOfReactants>
          <speciesReference species="S15" stoichiometry="1" constant="true"/>
        </listOfReactants>
        <listOfProducts>
          <speciesReference species="S9" stoichiometry="1" constant="true"/>
        </listOfProducts>
        <kineticLaw>
          <math xmlns="http://www.w3.org/1998/Math/MathML">
            <apply>
              <times/>
              <ci> kc60 </ci>
              <ci> S15 </ci>
            </apply>
          </math>
        </kineticLaw>
      </reaction>
      <reaction id="J61" reversible="true">
        <listOfReactants>
          <speciesReference species="S12" stoichiometry="1" constant="true"/>
        </listOfReactants>
        <listOfProducts>
          <speciesReference species="S34" stoichiometry="1" constant="true"/>
        </listOfProducts>
        <kineticLaw>
          <math xmlns="http://www.w3.org/1998/Math/MathML">
            <apply>
              <times/>
              <ci> kc61 </ci>
              <ci> S12 </ci>
            </apply>
          </math>
        </kineticLaw>
      </reaction>
      <reaction id="J62" reversible="true">
        <listOfReactants>
          <speciesReference species="S2" stoichiometry="1" constant="true"/>
        </listOfReactants>
        <listOfProducts>
          <speciesReference species="S29" stoichiometry="1" constant="true"/>
          <speciesReference species="S33" stoichiometry="1" constant="true"/>
        </listOfProducts>
        <kineticLaw>
          <math xmlns="http://www.w3.org/1998/Math/MathML">
            <apply>
              <times/>
              <ci> kc62 </ci>
              <ci> S2 </ci>
            </apply>
          </math>
        </kineticLaw>
      </reaction>
      <reaction id="J63" reversible="true">
        <listOfReactants>
          <speciesReference species="S14" stoichiometry="1" constant="true"/>
        </listOfReactants>
        <listOfProducts>
          <speciesReference species="S6" stoichiometry="1" constant="true"/>
          <speciesReference species="S15" stoichiometry="1" constant="true"/>
        </listOfProducts>
        <kineticLaw>
          <math xmlns="http://www.w3.org/1998/Math/MathML">
            <apply>
              <times/>
              <ci> kc63 </ci>
              <ci> S14 </ci>
            </apply>
          </math>
        </kineticLaw>
      </reaction>
    </listOfReactions>
  </model>
</sbml>
