<?xml version="1.0" encoding="UTF-8"?>
<!-- Created by libAntimony version v2.15.0 with libSBML version 5.20.2. -->
<sbml xmlns="http://www.sbml.org/sbml/level3/version2/core" level="3" version="2">
  <model metaid="__main" id="__main">
    <listOfCompartments>
      <compartment sboTerm="SBO:0000410" id="default_compartment" spatialDimensions="3" size="1" constant="true"/>
    </listOfCompartments>
    <listOfSpecies>
      <species id="S0" compartment="default_compartment" initialConcentration="3.45465335747918" hasOnlySubstanceUnits="false" boundaryCondition="false" constant="false"/>
      <species id="S1" compartment="default_compartment" initialConcentration="7.26843622003052" hasOnlySubstanceUnits="false" boundaryCondition="false" constant="false"/>
      <species id="S2" compartment="default_compartment" initialConcentration="9.70560742473802" hasOnlySubstanceUnits="false" boundaryCondition="false" constant="false"/>
      <species id="S3" compartment="default_compartment" initialConcentration="0.334829350414879" hasOnlySubstanceUnits="false" boundaryCondition="false" constant="false"/>
      <species id="S4" compartment="default_compartment" initialConcentration="2.25691362018048" hasOnlySubstanceUnits="false" boundaryCondition="false" constant="false"/>
      <species id="S5" compartment="default_compartment" initialConcentration="9.47976898533512" hasOnlySubstanceUnits="false" boundaryCondition="false" constant="false"/>
      <species id="S6" compartment="default_compartment" initialConcentration="1.37760608760429" hasOnlySubstanceUnits="false" boundaryCondition="false" constant="false"/>
      <species id="S7" compartment="default_compartment" initialConcentration="8.11820827814728" hasOnlySubstanceUnits="false" boundaryCondition="false" constant="false"/>
      <species id="S8" compartment="default_compartment" initialConcentration="1.21745332175081" hasOnlySubstanceUnits="false" boundaryCondition="false" constant="false"/>
      <species id="S9" compartment="default_compartment" initialConcentration="0.211010558693024" hasOnlySubstanceUnits="false" boundaryCondition="false" constant="false"/>
      <species id="S10" compartment="default_compartment" initialConcentration="6.38925404674937" hasOnlySubstanceUnits="false" boundaryCondition="false" constant="false"/>
      <species id="S11" compartment="default_compartment" initialConcentration="2.64841899194464" hasOnlySubstanceUnits="false" boundaryCondition="false" constant="false"/>
      <species id="S12" compartment="default_compartment" initialConcentration="1.4340339963957" hasOnlySubstanceUnits="false" boundaryCondition="false" constant="false"/>
      <species id="S14" compartment="default_compartment" initialConcentration="5.99176796677392" hasOnlySubstanceUnits="false" boundaryCondition="false" constant="false"/>
      <species id="S15" compartment="default_compartment" initialConcentration="0.620093208638859" hasOnlySubstanceUnits="false" boundaryCondition="false" constant="false"/>
      <species id="S17" compartment="default_compartment" initialConcentration="1.99771453989706" hasOnlySubstanceUnits="false" boundaryCondition="false" constant="false"/>
      <species id="S18" compartment="default_compartment" initialConcentration="6.23527026948755" hasOnlySubstanceUnits="false" boundaryCondition="false" constant="false"/>
      <species id="S20" compartment="default_compartment" initialConcentration="6.16714114031508" hasOnlySubstanceUnits="false" boundaryCondition="false" constant="false"/>
      <species id="S21" compartment="default_compartment" initialConcentration="6.7130913002847" hasOnlySubstanceUnits="false" boundaryCondition="false" constant="false"/>
      <species id="S22" compartment="default_compartment" initialConcentration="5.18132814156429" hasOnlySubstanceUnits="false" boundaryCondition="false" constant="false"/>
      <species id="S23" compartment="default_compartment" initialConcentration="9.56841194858699" hasOnlySubstanceUnits="false" boundaryCondition="false" constant="false"/>
      <species id="S24" compartment="default_compartment" initialConcentration="9.97046349778099" hasOnlySubstanceUnits="false" boundaryCondition="false" constant="false"/>
      <species id="S25" compartment="default_compartment" initialConcentration="5.51005190352729" hasOnlySubstanceUnits="false" boundaryCondition="false" constant="false"/>
      <species id="S26" compartment="default_compartment" initialConcentration="3.35169771841873" hasOnlySubstanceUnits="false" boundaryCondition="false" constant="false"/>
      <species id="S28" compartment="default_compartment" initialConcentration="0.0909027580789601" hasOnlySubstanceUnits="false" boundaryCondition="false" constant="false"/>
      <species id="S29" compartment="default_compartment" initialConcentration="1.57606453040806" hasOnlySubstanceUnits="false" boundaryCondition="false" constant="false"/>
      <species id="S30" compartment="default_compartment" initialConcentration="6.60076922390847" hasOnlySubstanceUnits="false" boundaryCondition="false" constant="false"/>
      <species id="S31" compartment="default_compartment" initialConcentration="0.0590568906412359" hasOnlySubstanceUnits="false" boundaryCondition="false" constant="false"/>
      <species id="S32" compartment="default_compartment" initialConcentration="8.96579001519172" hasOnlySubstanceUnits="false" boundaryCondition="false" constant="false"/>
      <species id="S33" compartment="default_compartment" initialConcentration="6.13261240773595" hasOnlySubstanceUnits="false" boundaryCondition="false" constant="false"/>
      <species id="S34" compartment="default_compartment" initialConcentration="0.582823431846331" hasOnlySubstanceUnits="false" boundaryCondition="false" constant="false"/>
      <species id="S35" compartment="default_compartment" initialConcentration="6.74750997568093" hasOnlySubstanceUnits="false" boundaryCondition="false" constant="false"/>
      <species id="S36" compartment="default_compartment" initialConcentration="5.60509622177942" hasOnlySubstanceUnits="false" boundaryCondition="false" constant="false"/>
      <species id="S37" compartment="default_compartment" initialConcentration="0.392181061341406" hasOnlySubstanceUnits="false" boundaryCondition="false" constant="false"/>
      <species id="S39" compartment="default_compartment" initialConcentration="0.839308429797069" hasOnlySubstanceUnits="false" boundaryCondition="false" constant="false"/>
      <species id="S13" compartment="default_compartment" initialConcentration="6.13523772340541" hasOnlySubstanceUnits="false" boundaryCondition="true" constant="false"/>
      <species id="S16" compartment="default_compartment" initialConcentration="8.26187972762584" hasOnlySubstanceUnits="false" boundaryCondition="true" constant="false"/>
      <species id="S19" compartment="default_compartment" initialConcentration="7.79486397286867" hasOnlySubstanceUnits="false" boundaryCondition="true" constant="false"/>
      <species id="S27" compartment="default_compartment" initialConcentration="4.01959631132577" hasOnlySubstanceUnits="false" boundaryCondition="true" constant="false"/>
      <species id="S38" compartment="default_compartment" initialConcentration="3.61284583174255" hasOnlySubstanceUnits="false" boundaryCondition="true" constant="false"/>
    </listOfSpecies>
    <listOfParameters>
      <parameter id="kc0" value="0.0316171010766737" constant="true"/>
      <parameter id="kc1" value="0.263270149103056" constant="true"/>
      <parameter id="kc2" value="0.0102531300351113" constant="true"/>
      <parameter id="kc3" value="0.359028116546851" constant="true"/>
      <parameter id="kc4" value="0.0159795299686955" constant="true"/>
      <parameter id="kc5" value="0.0816145790591653" constant="true"/>
      <parameter id="kc6" value="0.257269092908145" constant="true"/>
      <parameter id="kc7" value="0.220431578996449" constant="true"/>
      <parameter id="kc8" value="0.330477549758801" constant="true"/>
      <parameter id="kc9" value="0.246573897632545" constant="true"/>
      <parameter id="kc10" value="0.0101644659751053" constant="true"/>
      <parameter id="kc11" value="0.096181359555788" constant="true"/>
      <parameter id="kc12" value="0.0573870695850742" constant="true"/>
      <parameter id="kc13" value="0.349453711309088" constant="true"/>
      <parameter id="kc14" value="0.16535100012993" constant="true"/>
      <parameter id="kc15" value="0.468828004390001" constant="true"/>
      <parameter id="kc16" value="0.118921132115964" constant="true"/>
      <parameter id="kc17" value="0.0160081484184721" constant="true"/>
      <parameter id="kc18" value="0.0162130427679718" constant="true"/>
      <parameter id="kc19" value="0.0521671340452866" constant="true"/>
      <parameter id="kc20" value="0.349771655642409" constant="true"/>
      <parameter id="kc21" value="0.0532780867600438" constant="true"/>
      <parameter id="kc22" value="0.498426775508272" constant="true"/>
      <parameter id="kc23" value="0.0664839466721574" constant="true"/>
      <parameter id="kc24" value="0.493992632236019" constant="true"/>
      <parameter id="kc25" value="0.135091025793648" constant="true"/>
      <parameter id="kc26" value="0.0121902123231656" constant="true"/>
      <parameter id="kc27" value="0.0141620733279464" constant="true"/>
      <parameter id="kc28" value="0.0109055733450138" constant="true"/>
      <parameter id="kc29" value="0.772921371668816" constant="true"/>
      <parameter id="kc30" value="0.26034635432489" constant="true"/>
      <parameter id="kc31" value="0.0171100025642131" constant="true"/>
      <parameter id="kc32" value="0.0143827099940518" constant="true"/>
      <parameter id="kc33" value="0.0725902166220321" constant="true"/>
      <parameter id="kc34" value="0.538898711436352" constant="true"/>
      <parameter id="kc35" value="0.873030295017161" constant="true"/>
      <parameter id="kc36" value="0.514730089155086" constant="true"/>
      <parameter id="kc37" value="0.387780245729922" constant="true"/>
      <parameter id="kc38" value="0.82056473967071" constant="true"/>
      <parameter id="kc39" value="0.0550311238899372" constant="true"/>
      <parameter id="kc40" value="0.298797931814215" constant="true"/>
      <parameter id="kc41" value="0.0536541868820198" constant="true"/>
      <parameter id="kc42" value="0.117621887831029" constant="true"/>
      <parameter id="kc43" value="0.229376859623241" constant="true"/>
      <parameter id="kc44" value="0.0440382025236355" constant="true"/>
      <parameter id="kc45" value="0.0106468705933107" constant="true"/>
      <parameter id="kc46" value="0.048992233234539" constant="true"/>
      <parameter id="kc47" value="0.0252897954754535" constant="true"/>
      <parameter id="kc48" value="0.194329277550141" constant="true"/>
      <parameter id="kc49" value="0.0460085128939966" constant="true"/>
      <parameter id="kc50" value="0.273584165754001" constant="true"/>
      <parameter id="kc51" value="0.255143804092021" constant="true"/>
      <parameter id="kc52" value="0.0191889497871319" constant="true"/>
      <parameter id="kc53" value="0.234372507872013" constant="true"/>
      <parameter id="kc54" value="0.0529574643044073" constant="true"/>
      <parameter id="kc55" value="0.0147155170444966" constant="true"/>
      <parameter id="kc56" value="0.178066536114772" constant="true"/>
      <parameter id="kc57" value="0.647009878561025" constant="true"/>
      <parameter id="kc58" value="0.161104356320123" constant="true"/>
      <parameter id="kc59" value="0.172225900154179" constant="true"/>
      <parameter id="kc60" value="0.0331326169592648" constant="true"/>
      <parameter id="kc61" value="0.0169846718746454" constant="true"/>
      <parameter id="kc62" value="0.0113415600235652" constant="true"/>
      <parameter id="kc63" value="0.215088790164406" constant="true"/>
      <parameter id="kc64" value="0.164314323876193" constant="true"/>
      <parameter id="kc65" value="0.0925591331845938" constant="true"/>
      <parameter id="kc66" value="0.548095885716631" constant="true"/>
      <parameter id="kc67" value="0.797893541433576" constant="true"/>
      <parameter id="kc68" value="0.0140892354736452" constant="true"/>
      <parameter id="kc69" value="0.0390989856407078" constant="true"/>
      <parameter id="kc70" value="0.701383183349956" constant="true"/>
      <parameter id="kc71" value="0.0210174459450536" constant="true"/>
      <parameter id="kc72" value="0.0176342444255809" constant="true"/>
      <parameter id="kc73" value="0.108526515234896" constant="true"/>
      <parameter id="kc74" value="0.548429141299058" constant="true"/>
      <parameter id="kc75" value="0.405678418524235" constant="true"/>
      <parameter id="kc76" value="0.147487408718339" constant="true"/>
      <parameter id="kc77" value="0.118188029814182" constant="true"/>
      <parameter id="kc78" value="0.513975121474253" constant="true"/>
    </listOfParameters>
    <listOfReactions>
      <reaction id="J0" reversible="true">
        <listOfReactants>
          <speciesReference species="S14" stoichiometry="1" constant="true"/>
          <speciesReference species="S22" stoichiometry="1" constant="true"/>
        </listOfReactants>
        <listOfProducts>
          <speciesReference species="S7" stoichiometry="1" constant="true"/>
        </listOfProducts>
        <kineticLaw>
          <math xmlns="http://www.w3.org/1998/Math/MathML">
            <apply>
              <times/>
              <ci> kc0 </ci>
              <ci> S14 </ci>
              <ci> S22 </ci>
            </apply>
          </math>
        </kineticLaw>
      </reaction>
      <reaction id="J1" reversible="true">
        <listOfReactants>
          <speciesReference species="S1" stoichiometry="1" constant="true"/>
          <speciesReference species="S17" stoichiometry="1" constant="true"/>
        </listOfReactants>
        <listOfProducts>
          <speciesReference species="S2" stoichiometry="1" constant="true"/>
          <speciesReference species="S19" stoichiometry="1" constant="true"/>
        </listOfProducts>
        <kineticLaw>
          <math xmlns="http://www.w3.org/1998/Math/MathML">
            <apply>
              <times/>
              <ci> kc1 </ci>
              <ci> S1 </ci>
              <ci> S17 </ci>
            </apply>
          </math>
        </kineticLaw>
      </reaction>
      <reaction id="J2" reversible="true">
        <listOfReactants>
          <speciesReference species="S15" stoichiometry="1" constant="true"/>
        </listOfReactants>
        <listOfProducts>
          <speciesReference species="S26" stoichiometry="1" constant="true"/>
          <speciesReference species="S22" stoichiometry="1" constant="true"/>
        </listOfProducts>
        <kineticLaw>
          <math xmlns="http://www.w3.org/1998/Math/MathML">
            <apply>
              <times/>
              <ci> kc2 </ci>
              <ci> S15 </ci>
            </apply>
          </math>
        </kineticLaw>
      </reaction>
      <reaction id="J3" reversible="true">
        <listOfReactants>
          <speciesReference species="S32" stoichiometry="1" constant="true"/>
          <speciesReference species="S3" stoichiometry="1" constant="true"/>
        </listOfReactants>
        <listOfProducts>
          <speciesReference species="S3" stoichiometry="1" constant="true"/>
        </listOfProducts>
        <kineticLaw>
          <math xmlns="http://www.w3.org/1998/Math/MathML">
            <apply>
              <times/>
              <ci> kc3 </ci>
              <ci> S32 </ci>
              <ci> S3 </ci>
            </apply>
          </math>
        </kineticLaw>
      </reaction>
      <reaction id="J4" reversible="true">
        <listOfReactants>
          <speciesReference species="S4" stoichiometry="1" constant="true"/>
        </listOfReactants>
        <listOfProducts>
          <speciesReference species="S17" stoichiometry="1" constant="true"/>
        </listOfProducts>
        <kineticLaw>
          <math xmlns="http://www.w3.org/1998/Math/MathML">
            <apply>
              <times/>
              <ci> kc4 </ci>
              <ci> S4 </ci>
            </apply>
          </math>
        </kineticLaw>
      </reaction>
      <reaction id="J5" reversible="true">
        <listOfReactants>
          <speciesReference species="S28" stoichiometry="1" constant="true"/>
        </listOfReactants>
        <listOfProducts>
          <speciesReference species="S17" stoichiometry="1" constant="true"/>
          <speciesReference species="S15" stoichiometry="1" constant="true"/>
        </listOfProducts>
        <kineticLaw>
          <math xmlns="http://www.w3.org/1998/Math/MathML">
            <apply>
              <times/>
              <ci> kc5 </ci>
              <ci> S28 </ci>
            </apply>
          </math>
        </kineticLaw>
      </reaction>
      <reaction id="J6" reversible="true">
        <listOfReactants>
          <speciesReference species="S1" stoichiometry="1" constant="true"/>
        </listOfReactants>
        <listOfProducts>
          <speciesReference species="S17" stoichiometry="1" constant="true"/>
          <speciesReference species="S13" stoichiometry="1" constant="true"/>
        </listOfProducts>
        <kineticLaw>
          <math xmlns="http://www.w3.org/1998/Math/MathML">
            <apply>
              <times/>
              <ci> kc6 </ci>
              <ci> S1 </ci>
            </apply>
          </math>
        </kineticLaw>
      </reaction>
      <reaction id="J7" reversible="true">
        <listOfReactants>
          <speciesReference species="S29" stoichiometry="1" constant="true"/>
        </listOfReactants>
        <listOfProducts>
          <speciesReference species="S32" stoichiometry="1" constant="true"/>
        </listOfProducts>
        <kineticLaw>
          <math xmlns="http://www.w3.org/1998/Math/MathML">
            <apply>
              <times/>
              <ci> kc7 </ci>
              <ci> S29 </ci>
            </apply>
          </math>
        </kineticLaw>
      </reaction>
      <reaction id="J8" reversible="true">
        <listOfReactants>
          <speciesReference species="S28" stoichiometry="1" constant="true"/>
        </listOfReactants>
        <listOfProducts>
          <speciesReference species="S5" stoichiometry="1" constant="true"/>
        </listOfProducts>
        <kineticLaw>
          <math xmlns="http://www.w3.org/1998/Math/MathML">
            <apply>
              <times/>
              <ci> kc8 </ci>
              <ci> S28 </ci>
            </apply>
          </math>
        </kineticLaw>
      </reaction>
      <reaction id="J9" reversible="true">
        <listOfReactants>
          <speciesReference species="S12" stoichiometry="1" constant="true"/>
        </listOfReactants>
        <listOfProducts>
          <speciesReference species="S31" stoichiometry="1" constant="true"/>
          <speciesReference species="S25" stoichiometry="1" constant="true"/>
        </listOfProducts>
        <kineticLaw>
          <math xmlns="http://www.w3.org/1998/Math/MathML">
            <apply>
              <times/>
              <ci> kc9 </ci>
              <ci> S12 </ci>
            </apply>
          </math>
        </kineticLaw>
      </reaction>
      <reaction id="J10" reversible="true">
        <listOfReactants>
          <speciesReference species="S28" stoichiometry="1" constant="true"/>
        </listOfReactants>
        <listOfProducts>
          <speciesReference species="S7" stoichiometry="1" constant="true"/>
          <speciesReference species="S35" stoichiometry="1" constant="true"/>
        </listOfProducts>
        <kineticLaw>
          <math xmlns="http://www.w3.org/1998/Math/MathML">
            <apply>
              <times/>
              <ci> kc10 </ci>
              <ci> S28 </ci>
            </apply>
          </math>
        </kineticLaw>
      </reaction>
      <reaction id="J11" reversible="true">
        <listOfReactants>
          <speciesReference species="S22" stoichiometry="1" constant="true"/>
        </listOfReactants>
        <listOfProducts>
          <speciesReference species="S2" stoichiometry="1" constant="true"/>
        </listOfProducts>
        <kineticLaw>
          <math xmlns="http://www.w3.org/1998/Math/MathML">
            <apply>
              <times/>
              <ci> kc11 </ci>
              <ci> S22 </ci>
            </apply>
          </math>
        </kineticLaw>
      </reaction>
      <reaction id="J12" reversible="true">
        <listOfReactants>
          <speciesReference species="S5" stoichiometry="1" constant="true"/>
          <speciesReference species="S25" stoichiometry="1" constant="true"/>
        </listOfReactants>
        <listOfProducts>
          <speciesReference species="S32" stoichiometry="1" constant="true"/>
        </listOfProducts>
        <kineticLaw>
          <math xmlns="http://www.w3.org/1998/Math/MathML">
            <apply>
              <times/>
              <ci> kc12 </ci>
              <ci> S5 </ci>
              <ci> S25 </ci>
            </apply>
          </math>
        </kineticLaw>
      </reaction>
      <reaction id="J13" reversible="true">
        <listOfReactants>
          <speciesReference species="S37" stoichiometry="1" constant="true"/>
          <speciesReference species="S10" stoichiometry="1" constant="true"/>
        </listOfReactants>
        <listOfProducts>
          <speciesReference species="S36" stoichiometry="1" constant="true"/>
        </listOfProducts>
        <kineticLaw>
          <math xmlns="http://www.w3.org/1998/Math/MathML">
            <apply>
              <times/>
              <ci> kc13 </ci>
              <ci> S37 </ci>
              <ci> S10 </ci>
            </apply>
          </math>
        </kineticLaw>
      </reaction>
      <reaction id="J14" reversible="true">
        <listOfReactants>
          <speciesReference species="S3" stoichiometry="1" constant="true"/>
        </listOfReactants>
        <listOfProducts>
          <speciesReference species="S4" stoichiometry="1" constant="true"/>
          <speciesReference species="S7" stoichiometry="1" constant="true"/>
        </listOfProducts>
        <kineticLaw>
          <math xmlns="http://www.w3.org/1998/Math/MathML">
            <apply>
              <times/>
              <ci> kc14 </ci>
              <ci> S3 </ci>
            </apply>
          </math>
        </kineticLaw>
      </reaction>
      <reaction id="J15" reversible="true">
        <listOfReactants>
          <speciesReference species="S18" stoichiometry="1" constant="true"/>
        </listOfReactants>
        <listOfProducts>
          <speciesReference species="S14" stoichiometry="1" constant="true"/>
          <speciesReference species="S6" stoichiometry="1" constant="true"/>
        </listOfProducts>
        <kineticLaw>
          <math xmlns="http://www.w3.org/1998/Math/MathML">
            <apply>
              <times/>
              <ci> kc15 </ci>
              <ci> S18 </ci>
            </apply>
          </math>
        </kineticLaw>
      </reaction>
      <reaction id="J16" reversible="true">
        <listOfReactants>
          <speciesReference species="S39" stoichiometry="1" constant="true"/>
        </listOfReactants>
        <listOfProducts>
          <speciesReference species="S16" stoichiometry="1" constant="true"/>
        </listOfProducts>
        <kineticLaw>
          <math xmlns="http://www.w3.org/1998/Math/MathML">
            <apply>
              <times/>
              <ci> kc16 </ci>
              <ci> S39 </ci>
            </apply>
          </math>
        </kineticLaw>
      </reaction>
      <reaction id="J17" reversible="true">
        <listOfReactants>
          <speciesReference species="S25" stoichiometry="1" constant="true"/>
        </listOfReactants>
        <listOfProducts>
          <speciesReference species="S22" stoichiometry="1" constant="true"/>
        </listOfProducts>
        <kineticLaw>
          <math xmlns="http://www.w3.org/1998/Math/MathML">
            <apply>
              <times/>
              <ci> kc17 </ci>
              <ci> S25 </ci>
            </apply>
          </math>
        </kineticLaw>
      </reaction>
      <reaction id="J18" reversible="true">
        <listOfReactants>
          <speciesReference species="S22" stoichiometry="1" constant="true"/>
          <speciesReference species="S35" stoichiometry="1" constant="true"/>
        </listOfReactants>
        <listOfProducts>
          <speciesReference species="S23" stoichiometry="1" constant="true"/>
          <speciesReference species="S12" stoichiometry="1" constant="true"/>
        </listOfProducts>
        <kineticLaw>
          <math xmlns="http://www.w3.org/1998/Math/MathML">
            <apply>
              <times/>
              <ci> kc18 </ci>
              <ci> S22 </ci>
              <ci> S35 </ci>
            </apply>
          </math>
        </kineticLaw>
      </reaction>
      <reaction id="J19" reversible="true">
        <listOfReactants>
          <speciesReference species="S27" stoichiometry="1" constant="true"/>
        </listOfReactants>
        <listOfProducts>
          <speciesReference species="S8" stoichiometry="1" constant="true"/>
        </listOfProducts>
        <kineticLaw>
          <math xmlns="http://www.w3.org/1998/Math/MathML">
            <apply>
              <times/>
              <ci> kc19 </ci>
              <ci> S27 </ci>
            </apply>
          </math>
        </kineticLaw>
      </reaction>
      <reaction id="J20" reversible="true">
        <listOfReactants>
          <speciesReference species="S17" stoichiometry="1" constant="true"/>
        </listOfReactants>
        <listOfProducts>
          <speciesReference species="S34" stoichiometry="1" constant="true"/>
        </listOfProducts>
        <kineticLaw>
          <math xmlns="http://www.w3.org/1998/Math/MathML">
            <apply>
              <times/>
              <ci> kc20 </ci>
              <ci> S17 </ci>
            </apply>
          </math>
        </kineticLaw>
      </reaction>
      <reaction id="J21" reversible="true">
        <listOfReactants>
          <speciesReference species="S17" stoichiometry="1" constant="true"/>
          <speciesReference species="S9" stoichiometry="1" constant="true"/>
        </listOfReactants>
        <listOfProducts>
          <speciesReference species="S24" stoichiometry="1" constant="true"/>
          <speciesReference species="S35" stoichiometry="1" constant="true"/>
        </listOfProducts>
        <kineticLaw>
          <math xmlns="http://www.w3.org/1998/Math/MathML">
            <apply>
              <times/>
              <ci> kc21 </ci>
              <ci> S17 </ci>
              <ci> S9 </ci>
            </apply>
          </math>
        </kineticLaw>
      </reaction>
      <reaction id="J22" reversible="true">
        <listOfReactants>
          <speciesReference species="S27" stoichiometry="1" constant="true"/>
        </listOfReactants>
        <listOfProducts>
          <speciesReference species="S37" stoichiometry="1" constant="true"/>
        </listOfProducts>
        <kineticLaw>
          <math xmlns="http://www.w3.org/1998/Math/MathML">
            <apply>
              <times/>
              <ci> kc22 </ci>
              <ci> S27 </ci>
            </apply>
          </math>
        </kineticLaw>
      </reaction>
      <reaction id="J23" reversible="true">
        <listOfReactants>
          <speciesReference species="S29" stoichiometry="1" constant="true"/>
        </listOfReactants>
        <listOfProducts>
          <speciesReference species="S10" stoichiometry="1" constant="true"/>
          <speciesReference species="S32" stoichiometry="1" constant="true"/>
        </listOfProducts>
        <kineticLaw>
          <math xmlns="http://www.w3.org/1998/Math/MathML">
            <apply>
              <times/>
              <ci> kc23 </ci>
              <ci> S29 </ci>
            </apply>
          </math>
        </kineticLaw>
      </reaction>
      <reaction id="J24" reversible="true">
        <listOfReactants>
          <speciesReference species="S23" stoichiometry="1" constant="true"/>
          <speciesReference species="S31" stoichiometry="1" constant="true"/>
        </listOfReactants>
        <listOfProducts>
          <speciesReference species="S18" stoichiometry="1" constant="true"/>
        </listOfProducts>
        <kineticLaw>
          <math xmlns="http://www.w3.org/1998/Math/MathML">
            <apply>
              <times/>
              <ci> kc24 </ci>
              <ci> S23 </ci>
              <ci> S31 </ci>
            </apply>
          </math>
        </kineticLaw>
      </reaction>
      <reaction id="J25" reversible="true">
        <listOfReactants>
          <speciesReference species="S6" stoichiometry="1" constant="true"/>
        </listOfReactants>
        <listOfProducts>
          <speciesReference species="S3" stoichiometry="1" constant="true"/>
        </listOfProducts>
        <kineticLaw>
          <math xmlns="http://www.w3.org/1998/Math/MathML">
            <apply>
              <times/>
              <ci> kc25 </ci>
              <ci> S6 </ci>
            </apply>
          </math>
        </kineticLaw>
      </reaction>
      <reaction id="J26" reversible="true">
        <listOfReactants>
          <speciesReference species="S20" stoichiometry="1" constant="true"/>
          <speciesReference species="S3" stoichiometry="1" constant="true"/>
        </listOfReactants>
        <listOfProducts>
          <speciesReference species="S25" stoichiometry="1" constant="true"/>
        </listOfProducts>
        <kineticLaw>
          <math xmlns="http://www.w3.org/1998/Math/MathML">
            <apply>
              <times/>
              <ci> kc26 </ci>
              <ci> S20 </ci>
              <ci> S3 </ci>
            </apply>
          </math>
        </kineticLaw>
      </reaction>
      <reaction id="J27" reversible="true">
        <listOfReactants>
          <speciesReference species="S27" stoichiometry="1" constant="true"/>
        </listOfReactants>
        <listOfProducts>
          <speciesReference species="S33" stoichiometry="1" constant="true"/>
          <speciesReference species="S24" stoichiometry="1" constant="true"/>
        </listOfProducts>
        <kineticLaw>
          <math xmlns="http://www.w3.org/1998/Math/MathML">
            <apply>
              <times/>
              <ci> kc27 </ci>
              <ci> S27 </ci>
            </apply>
          </math>
        </kineticLaw>
      </reaction>
      <reaction id="J28" reversible="true">
        <listOfReactants>
          <speciesReference species="S2" stoichiometry="1" constant="true"/>
        </listOfReactants>
        <listOfProducts>
          <speciesReference species="S13" stoichiometry="1" constant="true"/>
          <speciesReference species="S29" stoichiometry="1" constant="true"/>
        </listOfProducts>
        <kineticLaw>
          <math xmlns="http://www.w3.org/1998/Math/MathML">
            <apply>
              <times/>
              <ci> kc28 </ci>
              <ci> S2 </ci>
            </apply>
          </math>
        </kineticLaw>
      </reaction>
      <reaction id="J29" reversible="true">
        <listOfReactants>
          <speciesReference species="S31" stoichiometry="1" constant="true"/>
          <speciesReference species="S18" stoichiometry="1" constant="true"/>
        </listOfReactants>
        <listOfProducts>
          <speciesReference species="S3" stoichiometry="1" constant="true"/>
        </listOfProducts>
        <kineticLaw>
          <math xmlns="http://www.w3.org/1998/Math/MathML">
            <apply>
              <times/>
              <ci> kc29 </ci>
              <ci> S31 </ci>
              <ci> S18 </ci>
            </apply>
          </math>
        </kineticLaw>
      </reaction>
      <reaction id="J30" reversible="true">
        <listOfReactants>
          <speciesReference species="S33" stoichiometry="1" constant="true"/>
        </listOfReactants>
        <listOfProducts>
          <speciesReference species="S39" stoichiometry="1" constant="true"/>
          <speciesReference species="S1" stoichiometry="1" constant="true"/>
        </listOfProducts>
        <kineticLaw>
          <math xmlns="http://www.w3.org/1998/Math/MathML">
            <apply>
              <times/>
              <ci> kc30 </ci>
              <ci> S33 </ci>
            </apply>
          </math>
        </kineticLaw>
      </reaction>
      <reaction id="J31" reversible="true">
        <listOfReactants>
          <speciesReference species="S34" stoichiometry="1" constant="true"/>
        </listOfReactants>
        <listOfProducts>
          <speciesReference species="S17" stoichiometry="1" constant="true"/>
        </listOfProducts>
        <kineticLaw>
          <math xmlns="http://www.w3.org/1998/Math/MathML">
            <apply>
              <times/>
              <ci> kc31 </ci>
              <ci> S34 </ci>
            </apply>
          </math>
        </kineticLaw>
      </reaction>
      <reaction id="J32" reversible="true">
        <listOfReactants>
          <speciesReference species="S11" stoichiometry="1" constant="true"/>
        </listOfReactants>
        <listOfProducts>
          <speciesReference species="S7" stoichiometry="1" constant="true"/>
        </listOfProducts>
        <kineticLaw>
          <math xmlns="http://www.w3.org/1998/Math/MathML">
            <apply>
              <times/>
              <ci> kc32 </ci>
              <ci> S11 </ci>
            </apply>
          </math>
        </kineticLaw>
      </reaction>
      <reaction id="J33" reversible="true">
        <listOfReactants>
          <speciesReference species="S6" stoichiometry="1" constant="true"/>
        </listOfReactants>
        <listOfProducts>
          <speciesReference species="S24" stoichiometry="1" constant="true"/>
        </listOfProducts>
        <kineticLaw>
          <math xmlns="http://www.w3.org/1998/Math/MathML">
            <apply>
              <times/>
              <ci> kc33 </ci>
              <ci> S6 </ci>
            </apply>
          </math>
        </kineticLaw>
      </reaction>
      <reaction id="J34" reversible="true">
        <listOfReactants>
          <speciesReference species="S27" stoichiometry="1" constant="true"/>
        </listOfReactants>
        <listOfProducts>
          <speciesReference species="S27" stoichiometry="1" constant="true"/>
          <speciesReference species="S8" stoichiometry="1" constant="true"/>
        </listOfProducts>
        <kineticLaw>
          <math xmlns="http://www.w3.org/1998/Math/MathML">
            <apply>
              <times/>
              <ci> kc34 </ci>
              <ci> S27 </ci>
            </apply>
          </math>
        </kineticLaw>
      </reaction>
      <reaction id="J35" reversible="true">
        <listOfReactants>
          <speciesReference species="S33" stoichiometry="1" constant="true"/>
          <speciesReference species="S30" stoichiometry="1" constant="true"/>
        </listOfReactants>
        <listOfProducts>
          <speciesReference species="S7" stoichiometry="1" constant="true"/>
        </listOfProducts>
        <kineticLaw>
          <math xmlns="http://www.w3.org/1998/Math/MathML">
            <apply>
              <times/>
              <ci> kc35 </ci>
              <ci> S33 </ci>
              <ci> S30 </ci>
            </apply>
          </math>
        </kineticLaw>
      </reaction>
      <reaction id="J36" reversible="true">
        <listOfReactants>
          <speciesReference species="S30" stoichiometry="1" constant="true"/>
          <speciesReference species="S11" stoichiometry="1" constant="true"/>
        </listOfReactants>
        <listOfProducts>
          <speciesReference species="S25" stoichiometry="1" constant="true"/>
        </listOfProducts>
        <kineticLaw>
          <math xmlns="http://www.w3.org/1998/Math/MathML">
            <apply>
              <times/>
              <ci> kc36 </ci>
              <ci> S30 </ci>
              <ci> S11 </ci>
            </apply>
          </math>
        </kineticLaw>
      </reaction>
      <reaction id="J37" reversible="true">
        <listOfReactants>
          <speciesReference species="S31" stoichiometry="1" constant="true"/>
        </listOfReactants>
        <listOfProducts>
          <speciesReference species="S30" stoichiometry="1" constant="true"/>
        </listOfProducts>
        <kineticLaw>
          <math xmlns="http://www.w3.org/1998/Math/MathML">
            <apply>
              <times/>
              <ci> kc37 </ci>
              <ci> S31 </ci>
            </apply>
          </math>
        </kineticLaw>
      </reaction>
      <reaction id="J38" reversible="true">
        <listOfReactants>
          <speciesReference species="S26" stoichiometry="1" constant="true"/>
        </listOfReactants>
        <listOfProducts>
          <speciesReference species="S36" stoichiometry="1" constant="true"/>
        </listOfProducts>
        <kineticLaw>
          <math xmlns="http://www.w3.org/1998/Math/MathML">
            <apply>
              <times/>
              <ci> kc38 </ci>
              <ci> S26 </ci>
            </apply>
          </math>
        </kineticLaw>
      </reaction>
      <reaction id="J39" reversible="true">
        <listOfReactants>
          <speciesReference species="S20" stoichiometry="1" constant="true"/>
        </listOfReactants>
        <listOfProducts>
          <speciesReference species="S23" stoichiometry="1" constant="true"/>
          <speciesReference species="S6" stoichiometry="1" constant="true"/>
        </listOfProducts>
        <kineticLaw>
          <math xmlns="http://www.w3.org/1998/Math/MathML">
            <apply>
              <times/>
              <ci> kc39 </ci>
              <ci> S20 </ci>
            </apply>
          </math>
        </kineticLaw>
      </reaction>
      <reaction id="J40" reversible="true">
        <listOfReactants>
          <speciesReference species="S20" stoichiometry="1" constant="true"/>
          <speciesReference species="S21" stoichiometry="1" constant="true"/>
        </listOfReactants>
        <listOfProducts>
          <speciesReference species="S34" stoichiometry="1" constant="true"/>
        </listOfProducts>
        <kineticLaw>
          <math xmlns="http://www.w3.org/1998/Math/MathML">
            <apply>
              <times/>
              <ci> kc40 </ci>
              <ci> S20 </ci>
              <ci> S21 </ci>
            </apply>
          </math>
        </kineticLaw>
      </reaction>
      <reaction id="J41" reversible="true">
        <listOfReactants>
          <speciesReference species="S35" stoichiometry="1" constant="true"/>
          <speciesReference species="S12" stoichiometry="1" constant="true"/>
        </listOfReactants>
        <listOfProducts>
          <speciesReference species="S39" stoichiometry="1" constant="true"/>
        </listOfProducts>
        <kineticLaw>
          <math xmlns="http://www.w3.org/1998/Math/MathML">
            <apply>
              <times/>
              <ci> kc41 </ci>
              <ci> S35 </ci>
              <ci> S12 </ci>
            </apply>
          </math>
        </kineticLaw>
      </reaction>
      <reaction id="J42" reversible="true">
        <listOfReactants>
          <speciesReference species="S24" stoichiometry="1" constant="true"/>
          <speciesReference species="S6" stoichiometry="1" constant="true"/>
        </listOfReactants>
        <listOfProducts>
          <speciesReference species="S31" stoichiometry="1" constant="true"/>
        </listOfProducts>
        <kineticLaw>
          <math xmlns="http://www.w3.org/1998/Math/MathML">
            <apply>
              <times/>
              <ci> kc42 </ci>
              <ci> S24 </ci>
              <ci> S6 </ci>
            </apply>
          </math>
        </kineticLaw>
      </reaction>
      <reaction id="J43" reversible="true">
        <listOfReactants>
          <speciesReference species="S7" stoichiometry="1" constant="true"/>
        </listOfReactants>
        <listOfProducts>
          <speciesReference species="S21" stoichiometry="1" constant="true"/>
        </listOfProducts>
        <kineticLaw>
          <math xmlns="http://www.w3.org/1998/Math/MathML">
            <apply>
              <times/>
              <ci> kc43 </ci>
              <ci> S7 </ci>
            </apply>
          </math>
        </kineticLaw>
      </reaction>
      <reaction id="J44" reversible="true">
        <listOfReactants>
          <speciesReference species="S29" stoichiometry="1" constant="true"/>
          <speciesReference species="S12" stoichiometry="1" constant="true"/>
        </listOfReactants>
        <listOfProducts>
          <speciesReference species="S12" stoichiometry="1" constant="true"/>
        </listOfProducts>
        <kineticLaw>
          <math xmlns="http://www.w3.org/1998/Math/MathML">
            <apply>
              <times/>
              <ci> kc44 </ci>
              <ci> S29 </ci>
              <ci> S12 </ci>
            </apply>
          </math>
        </kineticLaw>
      </reaction>
      <reaction id="J45" reversible="true">
        <listOfReactants>
          <speciesReference species="S34" stoichiometry="1" constant="true"/>
        </listOfReactants>
        <listOfProducts>
          <speciesReference species="S23" stoichiometry="1" constant="true"/>
          <speciesReference species="S23" stoichiometry="1" constant="true"/>
        </listOfProducts>
        <kineticLaw>
          <math xmlns="http://www.w3.org/1998/Math/MathML">
            <apply>
              <times/>
              <ci> kc45 </ci>
              <ci> S34 </ci>
            </apply>
          </math>
        </kineticLaw>
      </reaction>
      <reaction id="J46" reversible="true">
        <listOfReactants>
          <speciesReference species="S8" stoichiometry="1" constant="true"/>
        </listOfReactants>
        <listOfProducts>
          <speciesReference species="S34" stoichiometry="1" constant="true"/>
          <speciesReference species="S35" stoichiometry="1" constant="true"/>
        </listOfProducts>
        <kineticLaw>
          <math xmlns="http://www.w3.org/1998/Math/MathML">
            <apply>
              <times/>
              <ci> kc46 </ci>
              <ci> S8 </ci>
            </apply>
          </math>
        </kineticLaw>
      </reaction>
      <reaction id="J47" reversible="true">
        <listOfReactants>
          <speciesReference species="S36" stoichiometry="1" constant="true"/>
        </listOfReactants>
        <listOfProducts>
          <speciesReference species="S28" stoichiometry="1" constant="true"/>
          <speciesReference species="S25" stoichiometry="1" constant="true"/>
        </listOfProducts>
        <kineticLaw>
          <math xmlns="http://www.w3.org/1998/Math/MathML">
            <apply>
              <times/>
              <ci> kc47 </ci>
              <ci> S36 </ci>
            </apply>
          </math>
        </kineticLaw>
      </reaction>
      <reaction id="J48" reversible="true">
        <listOfReactants>
          <speciesReference species="S28" stoichiometry="1" constant="true"/>
        </listOfReactants>
        <listOfProducts>
          <speciesReference species="S11" stoichiometry="1" constant="true"/>
          <speciesReference species="S2" stoichiometry="1" constant="true"/>
        </listOfProducts>
        <kineticLaw>
          <math xmlns="http://www.w3.org/1998/Math/MathML">
            <apply>
              <times/>
              <ci> kc48 </ci>
              <ci> S28 </ci>
            </apply>
          </math>
        </kineticLaw>
      </reaction>
      <reaction id="J49" reversible="true">
        <listOfReactants>
          <speciesReference species="S32" stoichiometry="1" constant="true"/>
        </listOfReactants>
        <listOfProducts>
          <speciesReference species="S0" stoichiometry="1" constant="true"/>
          <speciesReference species="S4" stoichiometry="1" constant="true"/>
        </listOfProducts>
        <kineticLaw>
          <math xmlns="http://www.w3.org/1998/Math/MathML">
            <apply>
              <times/>
              <ci> kc49 </ci>
              <ci> S32 </ci>
            </apply>
          </math>
        </kineticLaw>
      </reaction>
      <reaction id="J50" reversible="true">
        <listOfReactants>
          <speciesReference species="S20" stoichiometry="1" constant="true"/>
          <speciesReference species="S10" stoichiometry="1" constant="true"/>
        </listOfReactants>
        <listOfProducts>
          <speciesReference species="S21" stoichiometry="1" constant="true"/>
        </listOfProducts>
        <kineticLaw>
          <math xmlns="http://www.w3.org/1998/Math/MathML">
            <apply>
              <times/>
              <ci> kc50 </ci>
              <ci> S20 </ci>
              <ci> S10 </ci>
            </apply>
          </math>
        </kineticLaw>
      </reaction>
      <reaction id="J51" reversible="true">
        <listOfReactants>
          <speciesReference species="S4" stoichiometry="1" constant="true"/>
        </listOfReactants>
        <listOfProducts>
          <speciesReference species="S29" stoichiometry="1" constant="true"/>
        </listOfProducts>
        <kineticLaw>
          <math xmlns="http://www.w3.org/1998/Math/MathML">
            <apply>
              <times/>
              <ci> kc51 </ci>
              <ci> S4 </ci>
            </apply>
          </math>
        </kineticLaw>
      </reaction>
      <reaction id="J52" reversible="true">
        <listOfReactants>
          <speciesReference species="S27" stoichiometry="1" constant="true"/>
        </listOfReactants>
        <listOfProducts>
          <speciesReference species="S36" stoichiometry="1" constant="true"/>
          <speciesReference species="S2" stoichiometry="1" constant="true"/>
        </listOfProducts>
        <kineticLaw>
          <math xmlns="http://www.w3.org/1998/Math/MathML">
            <apply>
              <times/>
              <ci> kc52 </ci>
              <ci> S27 </ci>
            </apply>
          </math>
        </kineticLaw>
      </reaction>
      <reaction id="J53" reversible="true">
        <listOfReactants>
          <speciesReference species="S33" stoichiometry="1" constant="true"/>
        </listOfReactants>
        <listOfProducts>
          <speciesReference species="S30" stoichiometry="1" constant="true"/>
        </listOfProducts>
        <kineticLaw>
          <math xmlns="http://www.w3.org/1998/Math/MathML">
            <apply>
              <times/>
              <ci> kc53 </ci>
              <ci> S33 </ci>
            </apply>
          </math>
        </kineticLaw>
      </reaction>
      <reaction id="J54" reversible="true">
        <listOfReactants>
          <speciesReference species="S37" stoichiometry="1" constant="true"/>
          <speciesReference species="S32" stoichiometry="1" constant="true"/>
        </listOfReactants>
        <listOfProducts>
          <speciesReference species="S30" stoichiometry="1" constant="true"/>
        </listOfProducts>
        <kineticLaw>
          <math xmlns="http://www.w3.org/1998/Math/MathML">
            <apply>
              <times/>
              <ci> kc54 </ci>
              <ci> S37 </ci>
              <ci> S32 </ci>
            </apply>
          </math>
        </kineticLaw>
      </reaction>
      <reaction id="J55" reversible="true">
        <listOfReactants>
          <speciesReference species="S25" stoichiometry="1" constant="true"/>
          <speciesReference species="S23" stoichiometry="1" constant="true"/>
        </listOfReactants>
        <listOfProducts>
          <speciesReference species="S24" stoichiometry="1" constant="true"/>
        </listOfProducts>
        <kineticLaw>
          <math xmlns="http://www.w3.org/1998/Math/MathML">
            <apply>
              <times/>
              <ci> kc55 </ci>
              <ci> S25 </ci>
              <ci> S23 </ci>
            </apply>
          </math>
        </kineticLaw>
      </reaction>
      <reaction id="J56" reversible="true">
        <listOfReactants>
          <speciesReference species="S29" stoichiometry="1" constant="true"/>
        </listOfReactants>
        <listOfProducts>
          <speciesReference species="S7" stoichiometry="1" constant="true"/>
        </listOfProducts>
        <kineticLaw>
          <math xmlns="http://www.w3.org/1998/Math/MathML">
            <apply>
              <times/>
              <ci> kc56 </ci>
              <ci> S29 </ci>
            </apply>
          </math>
        </kineticLaw>
      </reaction>
      <reaction id="J57" reversible="true">
        <listOfReactants>
          <speciesReference species="S30" stoichiometry="1" constant="true"/>
        </listOfReactants>
        <listOfProducts>
          <speciesReference species="S1" stoichiometry="1" constant="true"/>
          <speciesReference species="S37" stoichiometry="1" constant="true"/>
        </listOfProducts>
        <kineticLaw>
          <math xmlns="http://www.w3.org/1998/Math/MathML">
            <apply>
              <times/>
              <ci> kc57 </ci>
              <ci> S30 </ci>
            </apply>
          </math>
        </kineticLaw>
      </reaction>
      <reaction id="J58" reversible="true">
        <listOfReactants>
          <speciesReference species="S39" stoichiometry="1" constant="true"/>
        </listOfReactants>
        <listOfProducts>
          <speciesReference species="S5" stoichiometry="1" constant="true"/>
          <speciesReference species="S22" stoichiometry="1" constant="true"/>
        </listOfProducts>
        <kineticLaw>
          <math xmlns="http://www.w3.org/1998/Math/MathML">
            <apply>
              <times/>
              <ci> kc58 </ci>
              <ci> S39 </ci>
            </apply>
          </math>
        </kineticLaw>
      </reaction>
      <reaction id="J59" reversible="true">
        <listOfReactants>
          <speciesReference species="S15" stoichiometry="1" constant="true"/>
        </listOfReactants>
        <listOfProducts>
          <speciesReference species="S10" stoichiometry="1" constant="true"/>
        </listOfProducts>
        <kineticLaw>
          <math xmlns="http://www.w3.org/1998/Math/MathML">
            <apply>
              <times/>
              <ci> kc59 </ci>
              <ci> S15 </ci>
            </apply>
          </math>
        </kineticLaw>
      </reaction>
      <reaction id="J60" reversible="true">
        <listOfReactants>
          <speciesReference species="S18" stoichiometry="1" constant="true"/>
        </listOfReactants>
        <listOfProducts>
          <speciesReference species="S20" stoichiometry="1" constant="true"/>
          <speciesReference species="S23" stoichiometry="1" constant="true"/>
        </listOfProducts>
        <kineticLaw>
          <math xmlns="http://www.w3.org/1998/Math/MathML">
            <apply>
              <times/>
              <ci> kc60 </ci>
              <ci> S18 </ci>
            </apply>
          </math>
        </kineticLaw>
      </reaction>
      <reaction id="J61" reversible="true">
        <listOfReactants>
          <speciesReference species="S31" stoichiometry="1" constant="true"/>
        </listOfReactants>
        <listOfProducts>
          <speciesReference species="S18" stoichiometry="1" constant="true"/>
          <speciesReference species="S31" stoichiometry="1" constant="true"/>
        </listOfProducts>
        <kineticLaw>
          <math xmlns="http://www.w3.org/1998/Math/MathML">
            <apply>
              <times/>
              <ci> kc61 </ci>
              <ci> S31 </ci>
            </apply>
          </math>
        </kineticLaw>
      </reaction>
      <reaction id="J62" reversible="true">
        <listOfReactants>
          <speciesReference species="S15" stoichiometry="1" constant="true"/>
        </listOfReactants>
        <listOfProducts>
          <speciesReference species="S11" stoichiometry="1" constant="true"/>
        </listOfProducts>
        <kineticLaw>
          <math xmlns="http://www.w3.org/1998/Math/MathML">
            <apply>
              <times/>
              <ci> kc62 </ci>
              <ci> S15 </ci>
            </apply>
          </math>
        </kineticLaw>
      </reaction>
      <reaction id="J63" reversible="true">
        <listOfReactants>
          <speciesReference species="S29" stoichiometry="1" constant="true"/>
        </listOfReactants>
        <listOfProducts>
          <speciesReference species="S11" stoichiometry="1" constant="true"/>
        </listOfProducts>
        <kineticLaw>
          <math xmlns="http://www.w3.org/1998/Math/MathML">
            <apply>
              <times/>
              <ci> kc63 </ci>
              <ci> S29 </ci>
            </apply>
          </math>
        </kineticLaw>
      </reaction>
      <reaction id="J64" reversible="true">
        <listOfReactants>
          <speciesReference species="S28" stoichiometry="1" constant="true"/>
          <speciesReference species="S10" stoichiometry="1" constant="true"/>
        </listOfReactants>
        <listOfProducts>
          <speciesReference species="S6" stoichiometry="1" constant="true"/>
        </listOfProducts>
        <kineticLaw>
          <math xmlns="http://www.w3.org/1998/Math/MathML">
            <apply>
              <times/>
              <ci> kc64 </ci>
              <ci> S28 </ci>
              <ci> S10 </ci>
            </apply>
          </math>
        </kineticLaw>
      </reaction>
      <reaction id="J65" reversible="true">
        <listOfReactants>
          <speciesReference species="S28" stoichiometry="1" constant="true"/>
          <speciesReference species="S6" stoichiometry="1" constant="true"/>
        </listOfReactants>
        <listOfProducts>
          <speciesReference species="S37" stoichiometry="1" constant="true"/>
        </listOfProducts>
        <kineticLaw>
          <math xmlns="http://www.w3.org/1998/Math/MathML">
            <apply>
              <times/>
              <ci> kc65 </ci>
              <ci> S28 </ci>
              <ci> S6 </ci>
            </apply>
          </math>
        </kineticLaw>
      </reaction>
      <reaction id="J66" reversible="true">
        <listOfReactants>
          <speciesReference species="S14" stoichiometry="1" constant="true"/>
          <speciesReference species="S34" stoichiometry="1" constant="true"/>
        </listOfReactants>
        <listOfProducts>
          <speciesReference species="S1" stoichiometry="1" constant="true"/>
        </listOfProducts>
        <kineticLaw>
          <math xmlns="http://www.w3.org/1998/Math/MathML">
            <apply>
              <times/>
              <ci> kc66 </ci>
              <ci> S14 </ci>
              <ci> S34 </ci>
            </apply>
          </math>
        </kineticLaw>
      </reaction>
      <reaction id="J67" reversible="true">
        <listOfReactants>
          <speciesReference species="S37" stoichiometry="1" constant="true"/>
          <speciesReference species="S15" stoichiometry="1" constant="true"/>
        </listOfReactants>
        <listOfProducts>
          <speciesReference species="S12" stoichiometry="1" constant="true"/>
        </listOfProducts>
        <kineticLaw>
          <math xmlns="http://www.w3.org/1998/Math/MathML">
            <apply>
              <times/>
              <ci> kc67 </ci>
              <ci> S37 </ci>
              <ci> S15 </ci>
            </apply>
          </math>
        </kineticLaw>
      </reaction>
      <reaction id="J68" reversible="true">
        <listOfReactants>
          <speciesReference species="S39" stoichiometry="1" constant="true"/>
          <speciesReference species="S29" stoichiometry="1" constant="true"/>
        </listOfReactants>
        <listOfProducts>
          <speciesReference species="S6" stoichiometry="1" constant="true"/>
        </listOfProducts>
        <kineticLaw>
          <math xmlns="http://www.w3.org/1998/Math/MathML">
            <apply>
              <times/>
              <ci> kc68 </ci>
              <ci> S39 </ci>
              <ci> S29 </ci>
            </apply>
          </math>
        </kineticLaw>
      </reaction>
      <reaction id="J69" reversible="true">
        <listOfReactants>
          <speciesReference species="S27" stoichiometry="1" constant="true"/>
        </listOfReactants>
        <listOfProducts>
          <speciesReference species="S18" stoichiometry="1" constant="true"/>
          <speciesReference species="S37" stoichiometry="1" constant="true"/>
        </listOfProducts>
        <kineticLaw>
          <math xmlns="http://www.w3.org/1998/Math/MathML">
            <apply>
              <times/>
              <ci> kc69 </ci>
              <ci> S27 </ci>
            </apply>
          </math>
        </kineticLaw>
      </reaction>
      <reaction id="J70" reversible="true">
        <listOfReactants>
          <speciesReference species="S4" stoichiometry="1" constant="true"/>
          <speciesReference species="S12" stoichiometry="1" constant="true"/>
        </listOfReactants>
        <listOfProducts>
          <speciesReference species="S7" stoichiometry="1" constant="true"/>
          <speciesReference species="S15" stoichiometry="1" constant="true"/>
        </listOfProducts>
        <kineticLaw>
          <math xmlns="http://www.w3.org/1998/Math/MathML">
            <apply>
              <times/>
              <ci> kc70 </ci>
              <ci> S4 </ci>
              <ci> S12 </ci>
            </apply>
          </math>
        </kineticLaw>
      </reaction>
      <reaction id="J71" reversible="true">
        <listOfReactants>
          <speciesReference species="S0" stoichiometry="1" constant="true"/>
          <speciesReference species="S1" stoichiometry="1" constant="true"/>
        </listOfReactants>
        <listOfProducts>
          <speciesReference species="S1" stoichiometry="1" constant="true"/>
          <speciesReference species="S9" stoichiometry="1" constant="true"/>
        </listOfProducts>
        <kineticLaw>
          <math xmlns="http://www.w3.org/1998/Math/MathML">
            <apply>
              <times/>
              <ci> kc71 </ci>
              <ci> S0 </ci>
              <ci> S1 </ci>
            </apply>
          </math>
        </kineticLaw>
      </reaction>
      <reaction id="J72" reversible="true">
        <listOfReactants>
          <speciesReference species="S18" stoichiometry="1" constant="true"/>
          <speciesReference species="S28" stoichiometry="1" constant="true"/>
        </listOfReactants>
        <listOfProducts>
          <speciesReference species="S35" stoichiometry="1" constant="true"/>
        </listOfProducts>
        <kineticLaw>
          <math xmlns="http://www.w3.org/1998/Math/MathML">
            <apply>
              <times/>
              <ci> kc72 </ci>
              <ci> S18 </ci>
              <ci> S28 </ci>
            </apply>
          </math>
        </kineticLaw>
      </reaction>
      <reaction id="J73" reversible="true">
        <listOfReactants>
          <speciesReference species="S14" stoichiometry="1" constant="true"/>
          <speciesReference species="S4" stoichiometry="1" constant="true"/>
        </listOfReactants>
        <listOfProducts>
          <speciesReference species="S22" stoichiometry="1" constant="true"/>
        </listOfProducts>
        <kineticLaw>
          <math xmlns="http://www.w3.org/1998/Math/MathML">
            <apply>
              <times/>
              <ci> kc73 </ci>
              <ci> S14 </ci>
              <ci> S4 </ci>
            </apply>
          </math>
        </kineticLaw>
      </reaction>
      <reaction id="J74" reversible="true">
        <listOfReactants>
          <speciesReference species="S10" stoichiometry="1" constant="true"/>
          <speciesReference species="S26" stoichiometry="1" constant="true"/>
        </listOfReactants>
        <listOfProducts>
          <speciesReference species="S3" stoichiometry="1" constant="true"/>
          <speciesReference species="S7" stoichiometry="1" constant="true"/>
        </listOfProducts>
        <kineticLaw>
          <math xmlns="http://www.w3.org/1998/Math/MathML">
            <apply>
              <times/>
              <ci> kc74 </ci>
              <ci> S10 </ci>
              <ci> S26 </ci>
            </apply>
          </math>
        </kineticLaw>
      </reaction>
      <reaction id="J75" reversible="true">
        <listOfReactants>
          <speciesReference species="S21" stoichiometry="1" constant="true"/>
        </listOfReactants>
        <listOfProducts>
          <speciesReference species="S22" stoichiometry="1" constant="true"/>
          <speciesReference species="S4" stoichiometry="1" constant="true"/>
        </listOfProducts>
        <kineticLaw>
          <math xmlns="http://www.w3.org/1998/Math/MathML">
            <apply>
              <times/>
              <ci> kc75 </ci>
              <ci> S21 </ci>
            </apply>
          </math>
        </kineticLaw>
      </reaction>
      <reaction id="J76" reversible="true">
        <listOfReactants>
          <speciesReference species="S31" stoichiometry="1" constant="true"/>
        </listOfReactants>
        <listOfProducts>
          <speciesReference species="S30" stoichiometry="1" constant="true"/>
          <speciesReference species="S13" stoichiometry="1" constant="true"/>
        </listOfProducts>
        <kineticLaw>
          <math xmlns="http://www.w3.org/1998/Math/MathML">
            <apply>
              <times/>
              <ci> kc76 </ci>
              <ci> S31 </ci>
            </apply>
          </math>
        </kineticLaw>
      </reaction>
      <reaction id="J77" reversible="true">
        <listOfReactants>
          <speciesReference species="S27" stoichiometry="1" constant="true"/>
        </listOfReactants>
        <listOfProducts>
          <speciesReference species="S13" stoichiometry="1" constant="true"/>
          <speciesReference species="S8" stoichiometry="1" constant="true"/>
        </listOfProducts>
        <kineticLaw>
          <math xmlns="http://www.w3.org/1998/Math/MathML">
            <apply>
              <times/>
              <ci> kc77 </ci>
              <ci> S27 </ci>
            </apply>
          </math>
        </kineticLaw>
      </reaction>
      <reaction id="J78" reversible="true">
        <listOfReactants>
          <speciesReference species="S38" stoichiometry="1" constant="true"/>
        </listOfReactants>
        <listOfProducts>
          <speciesReference species="S13" stoichiometry="1" constant="true"/>
        </listOfProducts>
        <kineticLaw>
          <math xmlns="http://www.w3.org/1998/Math/MathML">
            <apply>
              <times/>
              <ci> kc78 </ci>
              <ci> S38 </ci>
            </apply>
          </math>
        </kineticLaw>
      </reaction>
    </listOfReactions>
  </model>
</sbml>
